Workbook

Sheet Tuntihinnoittelut
A1: Tuntihinnoittelut
B3: Tuntihinta | C3: 42
A5: POS-1 | B5: Kuvaus | C5: Tunnit
A6: 1 | B6: Työmaan perustus + työmaataulu ja ilmoitukset | C6: 8
A7: 2 | B7: Suojaukset | C7: 16
A8: 3
A9: 4 | B9: Roudaukset | C9: 60
A10: 5 | B10: Keittiön asennus | C10: 60
A11: 6 | B11: Wc-kalusteiden asennus | C11: 16
A12: 7 | B12: wc-varusteiden asennus | C12: 16
A13: 8
A14: 9 | B14: Lasien asennukset | C14: 60
A15: 10
A16: 11 | B16: Palopalkkien koteloinnit | C16: 60
A17: 12
A18: 13
A19: 14
A20: 15
A21: 16
A22: 17
A23: 18
A24: 19
A25: 20
A26: 21
A27: 22
A28: 23
... A35: 30
B37: Yhteensä | C37: =SUM(C6:C36) -> 296
B39: Hinta | C39: =C3*C37 -> 12432

Sheet Materiaalihinnoittelut
A1: Materiaalihinnoittelut
A3: POS-1 | B3: Kuvaus | C3: Hinta | D3: Kuvaus | E3: kpl | F3: Yht.
A4: 1 | B4: GN | C4: 4.8 | E4: 35 | F4: =C4*E4 -> 168
A5: 2 | B5: GEK | C5: 3.1 | F5: =C5*E5 -> 0
A6: 3 | B6: Saneerauskipsi 6MM | C6: 9.7 | F6: =C6*E6 -> 0
A7: 4 | B7: 66 ranka | C7: 1.5 | F7: =C7*E7 -> 0
A8: 5 | B8: 66 alakisko | C8: 1.4 | F8: =C8*E8 -> 0
A9: 6 | B9: 66 kertopuu | C9: 2.9 | F9: =C9*E9 -> 0
A10: 7 | B10: 95 ranka | C10: 1.7 | F10: =C10*E10 -> 0
A11: 8 | B11: 95 alakisko | C11: 1.6 | F11: =C11*E11 -> 0
A12: 9 | B12: 92 keropuu | C12: 2.6 | F12: =C12*E12 -> 0
A13: 10 | B13: Väliseinävilla | C13: 4.7 | F13: =C13*E13 -> 0
A14: 11 | B14: 120 ranka | C14: 2.3 | F14: =C14*E14 -> 0
A15: 12 | B15: 120 alakisko | F15: =C15*E15 -> 0
A16: 13 | B16: XR66 ranka | C16: 2.18 | F16: =C16*E16 -> 0
A17: 14 | B17: Acounomic 66 kisko | C17: 4.1 | F17: =C17*E17 -> 0
A18: 15 | B18: XR95 ranka | C18: 2.18 | F18: =C18*E18 -> 0
A19: 16 | B19: Acounomic 95 kisko | C19: 4.24 | F19: =C19*E19 -> 0
A20: 17 | B20: GFR 120/1,2mm | C20: 7.84 | F20: =C20*E20 -> 0
A21: 18 | B21: GFR 95/1,2mm | C21: 7.05 | F21: =C21*E21 -> 0
A22: 19 | B22: GFR 70/1,2mm | C22: 6.44 | F22: =C22*E22 -> 0
A23: 20 | B23: GFS 70 | C23: 6.54 | F23: =C23*E23 -> 0
A24: 21 | B24: GFS 95 | C24: 7.2 | F24: =C24*E24 -> 0
A25: 22 | B25: GFS 120 | C25: 10.2 | F25: =C25*E25 -> 0
A26: 23 | B26: Vihtan lasiseinät, 900 ja 600 | C26: 500 | F26: =C26*E26 -> 0
A27: 24 | B27: 12mm hvauvaner, 12x240 | C27: 9.2 | F27: =C27*E27 -> 0
A28: 25 | B28: IBS 1 taustapelti 1200x2400 | C28: 22.78 | F28: =C28*E28 -> 0
A29: 26 | B29: Lattiakipsilevy Knauf KL 15mm, 900x2400 | C29: 7.26 | D29: m2 | F29: =C29*E29 -> 0
A30: 27 | B30: Lattiakipsi Lapikas 15mm 1200x2400 | C30: 16.86 | F30: =C30*E30 -> 0
A31: 28 | B31: Palosuojalevy knauf KPS 1200x2700x15 | C31: 19.99 | F31: =C31*E31 -> 0
A32: 29 | B32: Palonsuojalevy Gyproc GFL15 1200x3000 | C32: 23.69 | F32: =C32*E32 -> 0
A33: 30 | B33: Kipsilevy märkätila | C33: 22.97 | F33: =C33*E33 -> 0
A34: 31 | B34: Vesivaneri 12mm | C34: 48.92 | F34: =C34*E34 -> 0
A35: 32 | B35: Väliseinäpontti kahi, rei'itetty 300x85x198 | C35: 1.08 | F35: =C35*E35 -> 0
A36: 33 | B36: Weber ohutsaumalaasti | C36: 17.35 | F36: =C36*E36 -> 0
A37: 34 | B37: 9mm havuvaneri 1200x2440 | C37: 28.5 | F37: =C37*E37 -> 0
A38: 35 | B38: 15mm havuvaneri 1200x2440 | C38: 42.02 | F38: =C38*E38 -> 0
A39: 36 | B39: 24mm havuvaneri 1,2x2,40 suojakäsit. | C39: 27.94 | F39: =C39*E39 -> 0
A40: 37 | B40: 15mm koivuvaneri, 1500x3000 | C40: 66.37 | F40: =C40*E40 -> 0
A41: 38 | B41: Lattialastulevy 22x1200x2400 | C41: 12.75 | F41: =C41*E41 -> 0
A42: 39 | B42: Havuvaneri 21mm, 2440X1200 | C42: 46.15 | F42: =C42*E42 -> 0
A43: 40 | F43: =C43*E43 -> 0
A44: 41 | B44: Sahatavara 22x100 rima | C44: 0.6 | F44: =C44*E44 -> 0
A45: 42 | B45: Palkit | C45: 200 | F45: =C45*E45 -> 0
A46: 43 | B46: 2x6 mitallistettu | C46: 3.71 | F46: =C46*E46 -> 0
A47: 44 | B47: osb levy 1,2x2,6 | C47: 17.57 | F47: =C47*E47 -> 0
A48: 45 | B48: Palkin rahti | C48: 120 | F48: =C48*E48 -> 0
A49: 46 | B49: Korkean katto-osan paikkauskamat | C49: 500 | F49: =C49*E49 -> 0
A50: 47 | B50: Suojamuovi | C50: 6.58 | F50: =C50*E50 -> 0
A51: 48 | B51: Raskas suojamuovi, 0,2 kalvo | C51: 54.5 | F51: =C51*E51 -> 0
A52: 49 | B52: Oranssi teippi | C52: 6.1 | F52: =C52*E52 -> 0
A53: 50 | B53: Speed mask | C53: 14.63 | F53: =C53*E53 -> 0
A54: 51 | B54: Sinkilä / niitti | C54: 14.26 | F54: =C54*E54 -> 0
A55: 52 | B55: Parkettikiila 200 kpl | C55: 22.97 | F55: =C55*E55 -> 0
A56: 53 | F56: =C56*E56 -> 0
A57: 54 | B57: Raudoitusverkko 4-150 | C57: 8.03 | F57: =C57*E57 -> 0
A58: 55 | B58: Raudoitusverkko 6-150 | C58: 30.66 | F58: =C58*E58 -> 0
A59: 56 | B59: Raudoituskoroke | C59: 45.48 | F59: =C59*E59 -> 0
A60: 57 | B60: Vuorio surrauskoukku | C60: 8.93 | F60: =C60*E60 -> 0
A61: 58 | B61: Styrox lattia 50mm | C61: 2.47 | F61: =C61*E61 -> 0
A62: 59 | B62: Puhdistus ja saumaushiekka 20 kg | C62: 3.92 | F62: =C62*E62 -> 0
A63: 60 | B63: Sidelanka 0,9mm 5kg | C63: 19.19 | F63: =C63*E63 -> 0
A64: 61 | B64: Ankkurointimassa | C64: 12.94 | F64: =C64*E64 -> 0
A65: 62 | F65: =C65*E65 -> 0
A66: 63 | B66: Kärkihiomakoneen latta | C66: 6.1 | F66: =C66*E66 -> 0
A67: 64 | B67: Tarrahiomapyörö | C67: 3.76 | F67: =C67*E67 -> 0
A68: 65 | B68: Hiomapaperirulla | C68: 4.26 | F68: =C68*E68 -> 0
A69: 66 | F69: =C69*E69 -> 0
A70: 67 | B70: Kovalevy 3x1220x2745 | C70: 4.69 | D70: kpl | F70: =C70*E70 -> 0
A71: 68 | B71: Tarramatto | C71: 28 | D71: kpl | F71: =C71*E71 -> 0
A72: 69 | B72: Suojapaperi 30m2 | C72: 4.59 | D72: rll | F72: =C72*E72 -> 0
A73: 70 | B73: Suojapahvi RAW 100m2 | C73: 21.9 | D73: rll | F73: =C73*E73 -> 0
A74: 71 | B74: Lattiasuoja remppa monikerros | C74: 19.19 | F74: =C74*E74 -> 0
A75: 72 | B75: Lattiaouoja formax itsekiin. | C75: 79.03 | F75: =C75*E75 -> 0
A76: 73 | B76: Suojamuovi | C76: 6.58 | F76: =C76*E76 -> 0
A77: 74 | B77: Raskas suojamuovi, 0,2 kalvo | C77: 54.5 | F77: =C77*E77 -> 0
A78: 75 | B78: Rockwool 50mm 570x1170 | C78: 3.64 | F78: =C78*E78 -> 0
A79: 76 | B79: Rockwool 70mm | C79: 4.38 | F79: =C79*E79 -> 0
A80: 77 | B80: Paroc Extra 70mm 610x1170 | C80: 5.04 | F80: =C80*E80 -> 0
A81: 78 | B81: Isover Ecobatt rankavilla | C81: 2.42 | F81: =C81*E81 -> 0
A82: 79 | B82: Isolina 50mm pellavaeriste | C82: 6.79 | F82: =C82*E82 -> 0
A83: 80 | B83: Isover FLO 50mm | C83: 6.55 | F83: =C83*E83 -> 0
A84: 81 | B84: Ekovilla puru käsinlevitykseen | C84: 12.9 | F84: =C84*E84 -> 0
A85: 82 | B85: Sylomer-kaista SR220, 12,5mm | C85: 1.7 | F85: =C85*E85 -> 0
A86: 83 | F86: =C86*E86 -> 0
A87: 84 | B87: Saumanauha | C87: 5.16 | F87: =C87*E87 -> 0
A88: 85 | B88: Reunavahvisteinen sumanauha | C88: 15.73 | F88: =C88*E88 -> 0
A89: 86 | B89: Akryylimassa | C89: 3.15 | F89: =C89*E89 -> 0
A90: 87 | B90: Paloakryyli Nullfire | C90: 5.95 | F90: =C90*E90 -> 0
A91: 88 | B91: Maalarin teippi | C91: 6.1 | F91: =C91*E91 -> 0
A92: 89 | B92: Oranssi teippi | C92: 6.1 | F92: =C92*E92 -> 0
A93: 90 | B93: Nurkkavahvike | C93: 3.9 | F93: =C93*E93 -> 0
A94: 91 | B94: Speed mask | C94: 14.63 | F94: =C94*E94 -> 0
A95: 92 | B95: Sinkilä / niitti | C95: 14.26 | F95: =C95*E95 -> 0
A96: 93 | B96: Kiilto 66 yleisliima, 10l | C96: 66 | F96: =C96*E96 -> 0
A97: 94 | F97: =C97*E97 -> 0
A98: 95 | B98: Yleisruuvi 4x50, 200kpl | C98: 17 | F98: =C98*E98 -> 0
A99: 96 | B99: Nauharuuvi 3,9x41, 1000kpl | C99: 13.42 | F99: =C99*E99 -> 0
A100: 97 | B100: 50mm viimeistelynaula + kaasu 2000 kpl | C100: 31.94 | F100: =C100*E100 -> 0
A101: 98 | B101: Uretaaniliima | C101: 12.48 | F101: =C101*E101 -> 0
...

Sheet Purkutyöt
A1: Purkutyöt
E2: Lattian käsittely | F2: Neliöhinta | G2: Huom.
A3: POS-1 | B3: Neliöhinnoittelu | C3: Määrä | E3: Matonpoistokone, lino tai muovi | F3: 20.65 | G3: Huomioitu 140 € / viikkovuokralla, n. 0,5h / m2
B4: Neliöt | E4: Timanttikone 400 Scanmaskin | F4: 20.65 | G4: Huomioitu 140 € / viikkovuokralla, n. 0,5h / m2
B5: Neliöhinta | C5: 75 | E5: Teräkulu, 160 € / paketti netto | F5: 160
E6: Kevythiomakone, wirbeli | F6: 10.76 | G6: Huomioitu 70 € / viikkovuokralla, n. 0,25h / m2
B7: Hinta Yhteensä | C7: =C4*C5 -> 0 | E7: Laikkakulu, kupari / karbidi / kpl netto | F7: 60
A11: POS-2 | B11: Kuvaus | C11: Tunnit | E11: MENEKKILASKURI
A12: 1 | B12: Purkutyöt | C12: 40 | E12: Paino-arviot / m2 | F12: Kg | G12: Määrä | H12: Yhteensä
A13: 2 | E13: Kipsilevyseinä, 2xEK + villa | F13: 50 | H13: =F13*G13 -> 0
A14: 3 | E14: 1m2 levykerros painaa n. 11 kg | H14: =F14*G14 -> 0
A15: 4 | H15: =F15*G15 -> 0
A16: 5 | E16: Tiiliseinä | F16: 270 | H16: =F16*G16 -> 0
A17: 6 | H17: =F17*G17 -> 0
A18: 7 | E18: Laatta + laasti | F18: 13 | H18: =F18*G18 -> 0
A19: 8 | H19: =F19*G19 -> 0
A20: 9 | E20: Valubetoni, 1cm kerros | F20: 25 | H20: =F20*G20 -> 0
A21: 10 | H21: =F21*G21 -> 0
A22: 11 | E22: Alakatto | F22: 10 | H22: =F22*G22 -> 0
A23: 12 | H23: =F23*G23 -> 0
A24: 13 | E24: Muovimatto | F24: 5 | H24: =F24*G24 -> 0
A25: 14 | E25: Lasiseinä 55.1 | F25: 23 | H25: =F25*G25 -> 0
A26: 15 | E26: Muut arviot, syötä kilomäärä | F26: 2000 | H26: =F26*G26 -> 0
A27: 16 | G27: Yht. Tonnia | H27: =SUM(H13:H26)/1000 -> 0
A28: 17
A29: 18
A30: 19
A31: 20 | E31: Materiaalit
E32: Vaihtolava.com | F32: Hinta | G32: Määrä | H32: Yht.
B33: Yhteensä | C33: =SUM(C12:C32) -> 40 | E33: Nosturipurku / päivähinta | F33: 2500 | H33: =F33*G33 -> 0
B34: Tuntiveloitushinta | C34: 42 | E34: Kuten pasilanraitio purku | H34: =F34*G34 -> 0
H35: =F35*G35 -> 0
B36: Työt, hinta | C36: =C33*C34 -> 1680 | H36: =F36*G36 -> 0
E37: Toimitus työmaalle | F37: 70 | G37: 10 | H37: =F37*G37 -> 700
B38: Materiaalit, hinta | C38: =H51+H71 -> 4330 | E38: Tyhjennys ja pois haku / kerta | F38: 140 | G38: 10 | H38: =F38*G38 -> 1400
E39: Punnitusmaksu / kerta | F39: 25 | G39: 10 | H39: =F39*G39 -> 250
E41: Tonnihinnat
E42: Rakennusjäte, LK2 | F42: 198 | G42: 10 | H42: =F42*G42 -> 1980
E43: Rakennusjäte | F43: 148 | H43: =F43*G43 -> 0
E44: Painekyllästetty puujäte | F44: 299 | H44: =F44*G44 -> 0
E45: Kipsijäte | F45: 90 | H45: =F45*G45 -> 0
E46: Villajäte | F46: 150 | H46: =F46*G46 -> 0
E47: Energiajäte | F47: 110 | H47: =F47*G47 -> 0
E48: Betoni + tiili | F48: 30 | H48: =F48*G48 -> 0
E49: Tiili | F49: 30 | H49: =F49*G49 -> 0
E50: Puujäte, seka | F50: 25 | H50: =F50*G50 -> 0
G51: Yht. | H51: =SUM(H33:H50) -> 4330
E54: Purkutarvikkeet | F54: Hinta | G54: Määrä | H54: Yht.
E55: Tuote, esim. puukkosahan terät | F55: 500 | H55: =F55*G55 -> 0
E56: Tuote, esim. piikausterät | H56: =F56*G56 -> 0
E57: Tuote, esim. jätesäkit ja muut | H57: =F57*G57 -> 0
H58: =F58*G58 -> 0
H59: =F59*G59 -> 0
H60: =F60*G60 -> 0
H61: =F61*G61 -> 0
H62: =F62*G62 -> 0
H63: =F63*G63 -> 0
H64: =F64*G64 -> 0
H65: =F65*G65 -> 0
H66: =F66*G66 -> 0
H67: =F67*G67 -> 0
H68: =F68*G68 -> 0
H69: =F69*G69 -> 0
H70: =F70*G70 -> 0
G71: Yht. | H71: =SUM(H55:H70) -> 0

Sheet Väliseinät sisällä
A1: VÄLISEINÄT JA OTSAT
C2: Ohje laskentaan
A3: POS-1 | B3: Kuvaus | C3: Kate-% voi laskea jos seinä erikoinen ja pystyy hinnoittelemaan suoraan
A4: VS-1 | B4: neukkarien seinät | C4: Esim. sik-sak -seinän lisäprosenttiosuus tai märkätilalevyn osuus jne. | Q4: VS-1 | Z4: Saumaus ja akryyli laskettu hintoihin
G5: SEINÄN RAKENNUS
A6: K-600 | B6: Neliöt | H6: määrä | M6: Hinta / m2 / jm / kpl | Q6: EK - 66 LPR | R6: EK - 90 LPR | S6: EK - 66 XR | T6: EK - 90 XR | U6: EK+VANERI- 66 LPR | V6: EK+VANERI- 90 LPR | W6: EK+VANERI- 66 XR | X6: EK+VANERI- 90 XR | Z6: Työn hinta sis 80% sos | AA6: Määrä | AB6: yht.
A7: 1-kertanen | G7: Levy, m2 | H7: =(((B7*2)+(B8*4)+(B11*2)+(B12*4))+((B21*C21)*2)+(B14)+(B23))*1.1 -> 1553.2 | L7: GEK | M7: 4.1 | P7: Levy | Q7: =H7*$M$7 -> 6368.12 | R7: =H7*$M$7 -> 6368.12 | S7: =H7*$M$7 -> 6368.12 | T7: =H7*$M$7 -> 6368.12 | U7: =H7*($M$7/2)+(H7*$M$25/2) -> 12114.96 | V7: =H7*($M$7/2)+(H7*$M$25/2) -> 12114.96 | W7: =H7*($M$7/2)+(H7*$M$25/2) -> 12114.96 | X7: =H7*($M$7/2)+(H7*$M$25/2) -> 12114.96 | Y7: 1-kertanen | Z7: 27.9 | AA7: =B7 -> 0 | AB7: =Z7*AA7 -> 0
A8: 2-kertanen | B8: 335 | G8: Ranka, m | H8: =(((B7+B8+(B11*2)+(B12*2))*1.667)+(B21*1.667*C21))*1.1 -> 680.3027 | I8: Otsa max 600 | L8: GN | M8: 3.1 | P8: Ranka | Q8: =H8*$M$10 -> 1020.4541 | R8: =H8*$M$13 -> 1224.5449 | S8: =H8*$M$19 -> 1292.5751 | T8: =H8*$M$21 -> 1428.6357 | U8: =H8*$M$10 -> 1020.4541 | V8: =H8*$M$13 -> 1224.5449 | W8: =H8*$M$19 -> 1292.5751 | X8: =H8*$M$21 -> 1428.6357 | Y8: 2-kertanen | Z8: 37.44 | AA8: =B8 -> 335 | AB8: =Z8*AA8 -> 12542.4
G9: Alakisko, seinä, m / otsat max 600, m | H9: =(((B7+B8+B11+B12)*0.667)+(B21*2))*1.1 -> 311.7895 | I9: =((B7+B8+B11+B12)*1.666667)*1.1 -> 614.16679 | L9: Saneerauskipsi 6MM | M9: 5 | P9: Alakisko | Q9: =H9*$M$11 -> 561.2211 | R9: =H9*$M$14 -> 654.75795 | S9: =H9*$M$20 -> 1371.8738 | T9: =H9*$M$22 -> 1434.2317 | U9: =H9*$M$11 -> 561.2211 | V9: =H9*$M$14 -> 654.75795 | W9: =H9*$M$20 -> 1371.8738 | X9: =H9*$M$22 -> 1434.2317
A10: K-300 | G10: Villa, m2 | H10: =(B7+B8+B11+B12)*1.1 -> 368.5 | L10: 66 ranka | M10: 1.5 | P10: Villa | Q10: =+H10*$M$16 -> 1252.9 | R10: =+H10*$M$16 -> 1252.9 | S10: =+H10*$M$16 -> 1252.9 | T10: =+H10*$M$16 -> 1252.9 | U10: =+H10*$M$16 -> 1252.9 | V10: =+H10*$M$16 -> 1252.9 | W10: =+H10*$M$16 -> 1252.9 | X10: =+H10*$M$16 -> 1252.9 | Y10: K-300
A11: 1-kertainen | G11: Ruuvit, kpl / 1000 kpl pkt | H11: =(((B7+(B8*2)+B11+(B12*2))*30)+(B21*C21*30*2)+(B23*30))*1.1 -> 24486 | I11: =H11/1000 -> 24.486 | J11: =ROUNDUP(I11,0) -> 25 | L11: 66 alakisko | M11: 1.8 | P11: Nauharuuvit | Q11: =$J$11*$M$30 -> 450 | R11: =$J$11*$M$30 -> 450 | S11: =$J$11*$M$30 -> 450 | T11: =$J$11*$M$30 -> 450 | U11: =$J$11*$M$30 -> 450 | V11: =$J$11*$M$30 -> 450 | W11: =$J$11*$M$30 -> 450 | X11: =$J$11*$M$30 -> 450 | Y11: 1-kertainen | Z11: 30.96 | AA11: =B11 -> 0 | AB11: =Z11*AA11 -> 0
A12: 2-kertainen | G12: Runkokiinnike, kpl | H12: =(H9*0.4)*1.1 -> 137.18738 | L12: 66 kertopuu | M12: 3.1 | P12: Runkokiinnike | Q12: =B32*$M$26 -> 320 | R12: =B32*$M$26 -> 320 | S12: =B32*$M$26 -> 320 | T12: =B32*$M$26 -> 320 | U12: =B32*$M$26 -> 320 | V12: =B32*$M$26 -> 320 | W12: =B32*$M$26 -> 320 | X12: =B32*$M$26 -> 320 | Y12: 2-kertainen | Z12: 40.32 | AA12: =B12 -> 0 | AB12: =Z12*AA12 -> 0
G13: Vahvike, esim kertopuu, metrit | H13: =(8*B18+B29)*1.1 -> 110 | L13: 95 ranka | M13: 1.8 | P13: Vahvike | Q13: =+H13*$M$12 -> 341 | R13: =+H13*$M$15 -> 357.5 | S13: =+H13*$M$12 -> 341 | T13: =+H13*$M$12 -> 341 | U13: =+H13*$M$12 -> 341 | V13: =+H13*$M$15 -> 357.5 | W13: =+H13*$M$12 -> 341 | X13: =+H13*$M$12 -> 341
A14: Pelkkä levytys | G14: Ovivahvike ruuvit, kpl | H14: =(B18*6) -> 0 | L14: 95 alakisko | M14: 2.1 | P14: Hobarit | Q14: =B33*$M$27 -> 100 | R14: =B33*$M$27 -> 100 | S14: =B33*$M$27 -> 100 | T14: =B33*$M$27 -> 100 | U14: =B33*$M$27 -> 100 | V14: =B33*$M$27 -> 100 | W14: =B33*$M$27 -> 100 | X14: =B33*$M$27 -> 100 | Y14: Pelkkä levytys | Z14: 16.2 | AA14: =B14 -> 0 | AB14: =Z14*AA14 -> 0
A15: Pelkkä vaneri | G15: Kertopuurunko, kiinnikkeet esim hobau 90mm, kpl | H15: =H9/0.3 -> 1039.2983 | L15: 92 keropuu | M15: 3.25 | P15: Akryyli | Q15: =H20*$M$28 -> 616.66667 | R15: =H20*$M$28 -> 616.66667 | S15: =H20*$M$28 -> 616.66667 | T15: =H20*$M$28 -> 616.66667 | U15: =H20*$M$28 -> 616.66667 | V15: =H20*$M$28 -> 616.66667 | W15: =H20*$M$28 -> 616.66667 | X15: =H20*$M$28 -> 616.66667 | Y15: Pelkkä vaneri | Z15: 18 | AA15: =B15 -> 0 | AB15: =Z15*AA15 -> 0
G16: GK-kannatus | H16: =B23*1.1 -> 0 | L16: Väliseinävilla | M16: 3.4 | P16: Vaneri | Q16: =B15*(18*0.014)*$M$25*1.1 -> 0 | R16: =B15*$M$25*1.1 -> 0 | S16: =B15*$M$25*1.1 -> 0 | T16: =B15*$M$25*1.1 -> 0 | U16: =B15*$M$25*1.1 -> 0 | V16: =B15*$M$25*1.1 -> 0 | W16: =B15*$M$25*1.1 -> 0 | X16: =B15*$M$25*1.1 -> 0 | Y16: Kotelo, m2 | Z16: 18.5 | AA16: =B23 -> 0 | AB16: =Z16*AA16 -> 0
B17: kpl | G17: SAUMAUS | H17: Litrat | I17: 10l purkki | L17: 120 ranka | M17: 2.2 | P17: Pientarvikkeet | Q17: =$B$34 -> 500 | R17: =$B$34 -> 500 | S17: =$B$34 -> 500 | T17: =$B$34 -> 500 | U17: =$B$34 -> 500 | V17: =$B$34 -> 500 | W17: =$B$34 -> 500 | X17: =$B$34 -> 500 | Y17: Kotelo, jm | Z17: 11.98 | AA17: =B24 -> 0 | AB17: =Z17*AA17 -> 0
A18: Ovi, max M10 | G18: J | H18: =(((B7+B8+B11+B12+B23)*2)*0.25*0.3)+(B14*0.32*1.1) -> 50.25 | I18: =H18/10 -> 5.025 | L18: 120 alakisko | M18: 2.3 | P18: J | Q18: =+I18*$M$23 -> 143.715 | R18: =+I18*$M$23 -> 143.715 | S18: =+I18*$M$23 -> 143.715 | T18: =+I18*$M$23 -> 143.715 | U18: =+I18*$M$23 -> 143.715 | V18: =+I18*$M$23 -> 143.715 | W18: =+I18*$M$23 -> 143.715 | X18: =+I18*$M$23 -> 143.715 | Y18: Ovi, max M10 | Z18: 16.38 | AA18: =B18 -> 0 | AB18: =Z18*AA18 -> 0
G19: LF | H19: =(((B7+B8+B11+B12+B23)*2)*0.25*0.3)+(B14*0.32*1.1) -> 50.25 | I19: =H19/10 -> 5.025 | L19: XR66 ranka | M19: 1.9 | P19: LF | Q19: =+I19*$M$24 -> 129.29325 | R19: =+I19*$M$24 -> 129.29325 | S19: =+I19*$M$24 -> 129.29325 | T19: =+I19*$M$24 -> 129.29325 | U19: =+I19*$M$24 -> 129.29325 | V19: =+I19*$M$24 -> 129.29325 | W19: =+I19*$M$24 -> 129.29325 | X19: =+I19*$M$24 -> 129.29325
B20: Pituus | C20: Korkeus | G20: Akryyli | H20: =B26/3 -> 166.66667 | L20: Acounomic 66 kisko | M20: 4.4 | P20: GK-kannatus | Q20: =$H$16*$M$29 -> 0 | R20: =$H$16*$M$29 -> 0 | S20: =$H$16*$M$29 -> 0 | T20: =$H$16*$M$29 -> 0 | U20: =$H$16*$M$29 -> 0 | V20: =$H$16*$M$29 -> 0 | W20: =$H$16*$M$29 -> 0 | X20: =$H$16*$M$29 -> 0
A21: Seinäke tai otsa, k-600 | B21: 30 | C21: 1.2 | G21: YLITASOITUS, 2mm kerros | H21: kg | I21: 20kg säkki | L21: XR95 ranka | M21: 2.1 | Y21: Seinäke tai otsa, k-600 | Z21: 37.44 | AA21: =B21 -> 30 | AB21: =Z21*AA21 -> 1123.2
G22: L | H22: =(B7+B8+B11+B12)*2*2.4 -> 1608 | I22: =H22/20 -> 80.4 | L22: Acounomic 95 kisko | M22: 4.6
A23: Kotelo, m2 | G23: LR+ | H23: =(B7+B8+B11+B12)*2*2.4 -> 1608 | I23: =H23/20 -> 80.4 | L23: Teknos J | M23: 28.6 | Y23: Kotelo, m2
A24: Kotelo, jm | G24: LF tai vastaava viimeistely, l / 10l purkki | H24: =(B7+B8+B11+B12)*2*0.6 -> 402 | I24: =H24/10 -> 40.2 | L24: Teknos LF | M24: 25.73 | Y24: Kotelo, jm | AA24: =B26 -> 500
B25: jm | L25: 12mm havuvaneri | M25: 11.5
A26: Akryyli | B26: 500 | L26: Spit pulsa naula + kaasu | M26: 80 | Y26: Akryyli
A27: tiivistykset, läpiviennit | L27: Hobarit 90mm | M27: 20 | Y27: tiivistykset, läpiviennit
B28: jm | L28: Akryyli | M28: 3.7
A29: Vahvike, kertop. | B29: 100 | L29: GK-kannattimet, m2 | M29: 15.5 | Y29: Vahvike, kertop. | Z29: 1.7 | AA29: =B29 -> 100 | AB29: =Z29*AA29 -> 170
A30: esim. lasiaukko | L30: Nauharuuvit | M30: 18 | Q30: =SUM(Q7:Q20) -> 11803.37 | R30: =SUM(R7:R20) -> 12117.498 | S30: =SUM(S7:S20) -> 12886.144 | T30: =SUM(T7:T20) -> 13084.562 | U30: =SUM(U7:U20) -> 17550.21 | V30: =SUM(V7:V20) -> 17864.338 | W30: =SUM(W7:W20) -> 18632.984 | X30: =SUM(X7:X20) -> 18831.402
AB31: =SUM(AB7:AB29) -> 13835.6
A32: Runkokiinnikkeet | B32: 4 | C32: Spit Pulsa naulat 500 kpl + kaasut, 75€ setti | Q32: EK - 66 LPR | R32: =Q30/((100-B38)/100) -> 11803.37
A33: Hobarit | B33: 5 | C33: 4,2x90mm, 500 kpl / rasia | Q33: EK - 90 LPR | R33: =R30/((100-B38)/100) -> 12117.498
A34: Pientarvikkeet | B34: 500 | C34: Summa, € | Q34: EK - 66 XR | R34: =S30/((100-B38)/100) -> 12886.144
Q35: EK - 90 XR | R35: =T30/((100-B38)/100) -> 13084.562
Q36: EK+VANERI- 66 LPR | R36: =U30/((100-B38)/100) -> 17550.21
A37: Hinta, Materiaalit | B37: EK - 66 XR | C37: =SUMIF(Q32:Q39,B37,R32:R39) -> 12886.144 | Q37: EK+VANERI- 90 LPR | R37: =V30/((100-B38)/100) -> 17864.338
A38: Kate-% | Q38: EK+VANERI- 66 XR | R38: =W30/((100-B38)/100) -> 18632.984
Q39: EK+VANERI- 90 XR | R39: =X30/((100-B38)/100) -> 18831.402
A40: Työ | C40: =AB31*((100+B41)/100) -> 13835.6
A41: Lisä-%
A42: Sik-sak tai tuplarunko +30 %
A48: POS-2 | B48: Kuvaus
A49: VS-2 | B49: Korkea otsa
G50: SEINÄN RAKENNUS
A51: K-600 | B51: Neliöt | H51: määrä | Q51: EK - 66 LPR | R51: EK - 90 LPR | S51: EK - 66 XR | T51: EK - 90 XR | U51: EK+VANERI- 66 LPR | V51: EK+VANERI- 90 LPR | W51: EK+VANERI- 66 XR | X51: EK+VANERI- 90 XR | Z51: Työn hinta | AA51: Määrä | AB51: yht.
A52: 1-kertanen | G52: Levy, m2 | H52: =(((B52*2)+(B53*4)+(B56*2)+(B57*4))+((B66*C66)*2)+(B59)+(B68))*1.1 -> 0 | P52: Levy | Q52: =H52*$M$7 -> 0 | R52: =H52*$M$7 -> 0 | S52: =H52*$M$7 -> 0 | T52: =H52*$M$7 -> 0 | U52: =H52*($M$7/2)+(H52*$M$25/2) -> 0 | V52: =H52*($M$7/2)+(H52*$M$25/2) -> 0 | W52: =H52*($M$7/2)+(H52*$M$25/2) -> 0 | X52: =H52*($M$7/2)+(H52*$M$25/2) -> 0 | Y52: 1-kertanen | Z52: 27.9 | AA52: =B52 -> 0 | AB52: =Z52*AA52 -> 0
A53: 2-kertanen | G53: Ranka, m | H53: =(((B52+B53+(B56*2)+(B57*2))*1.667)+(B66*1.667*C66))*1.1 -> 0 | I53: Otsa max 600 | P53: Ranka | Q53: =H53*$M$10 -> 0 | R53: =H53*$M$13 -> 0 | S53: =H53*$M$19 -> 0 | T53: =H53*$M$21 -> 0 | U53: =H53*$M$10 -> 0 | V53: =H53*$M$13 -> 0 | W53: =H53*$M$19 -> 0 | X53: =H53*$M$21 -> 0 | Y53: 2-kertanen | Z53: 37.44 | AA53: =B53 -> 0 | AB53: =Z53*AA53 -> 0
G54: Alakisko, seinä, m / otsat max 600, m | H54: =(((B52+B53+B56+B57)*0.667)+(B66*2))*1.1 -> 0 | I54: =((B52+B53+B56+B57)*1.666667)*1.1 -> 0 | P54: Alakisko | Q54: =H54*$M$11 -> 0 | R54: =H54*$M$14 -> 0 | S54: =H54*$M$20 -> 0 | T54: =H54*$M$22 -> 0 | U54: =H54*$M$11 -> 0 | V54: =H54*$M$14 -> 0 | W54: =H54*$M$20 -> 0 | X54: =H54*$M$22 -> 0
A55: K-300 | G55: Villa, m2 | H55: =(B52+B53+B56+B57)*1.1 -> 0 | P55: Villa | Q55: =+H55*$M$16 -> 0 | R55: =+H55*$M$16 -> 0 | S55: =+H55*$M$16 -> 0 | T55: =+H55*$M$16 -> 0 | U55: =+H55*$M$16 -> 0 | V55: =+H55*$M$16 -> 0 | W55: =+H55*$M$16 -> 0 | X55: =+H55*$M$16 -> 0 | Y55: K-300
A56: 1-kertainen | G56: Ruuvit, kpl / 1000 kpl pkt | H56: =(((B52+(B53*2)+B56+(B57*2))*30)+(B66*C66*30*2)+(B68*30))*1.1 -> 0 | I56: =H56/1000 -> 0 | J56: =ROUNDUP(I56,0) -> 0 | P56: Ruuvit | Q56: =$J$56*$M$30 -> 0 | R56: =$J$56*$M$30 -> 0 | S56: =$J$56*$M$30 -> 0 | T56: =$J$56*$M$30 -> 0 | U56: =$J$56*$M$30 -> 0 | V56: =$J$56*$M$30 -> 0 | W56: =$J$56*$M$30 -> 0 | X56: =$J$56*$M$30 -> 0 | Y56: 1-kertainen | Z56: 30.96 | AA56: =B56 -> 0 | AB56: =Z56*AA56 -> 0
A57: 2-kertainen | G57: Runkokiinnike, kpl | H57: =(H54*0.4)*1.1 -> 0 | P57: Runkokiinnike | Q57: =B77*$M$26 -> 0 | R57: =B77*$M$26 -> 0 | S57: =B77*$M$26 -> 0 | T57: =B77*$M$26 -> 0 | U57: =B77*$M$26 -> 0 | V57: =B77*$M$26 -> 0 | W57: =B77*$M$26 -> 0 | X57: =B77*$M$26 -> 0 | Y57: 2-kertainen | Z57: 40.32 | AA57: =B57 -> 0 | AB57: =Z57*AA57 -> 0
G58: Vahvike, esim kertopuu, metrit | H58: =(8*B63+B74)*1.1 -> 0 | P58: Vahvike | Q58: =+H58*$M$12 -> 0 | R58: =+H58*$M$15 -> 0 | S58: =+H58*$M$12 -> 0 | T58: =+H58*$M$12 -> 0 | U58: =+H58*$M$12 -> 0 | V58: =+H58*$M$15 -> 0 | W58: =+H58*$M$12 -> 0 | X58: =+H58*$M$12 -> 0
A59: Pelkkä levytys | G59: Ovivahvike ruuvit, kpl | H59: =(B63*6) -> 0 | P59: Hobarit | Q59: =B78*$M$27 -> 0 | R59: =B78*$M$27 -> 0 | S59: =B78*$M$27 -> 0 | T59: =B78*$M$27 -> 0 | U59: =B78*$M$27 -> 0 | V59: =B78*$M$27 -> 0 | W59: =B78*$M$27 -> 0 | X59: =B78*$M$27 -> 0 | Y59: Pelkkä levytys | Z59: 16.2 | AA59: =B59 -> 0 | AB59: =Z59*AA59 -> 0
A60: Pelkkä vaneri | G60: Kertopiuurunko, kiinnikkeet esim hobau 90mm, kpl | H60: =H54/0.3 -> 0 | P60: Akryyli | Q60: =H65*$M$28 -> 0 | R60: =H65*$M$28 -> 0 | S60: =H65*$M$28 -> 0 | T60: =H65*$M$28 -> 0 | U60: =H65*$M$28 -> 0 | V60: =H65*$M$28 -> 0 | W60: =H65*$M$28 -> 0 | X60: =H65*$M$28 -> 0 | Y60: Pelkkä vaneri | Z60: 18 | AA60: =B60 -> 0 | AB60: =Z60*AA60 -> 0
G61: GK-kannatus | H61: =B68*1.1 -> 0 | P61: Vaneri | Q61: =B60*(18*0.014)*$M$25*1.1 -> 0 | R61: =B60*$M$25*1.1 -> 0 | S61: =B60*$M$25*1.1 -> 0 | T61: =B60*$M$25*1.1 -> 0 | U61: =B60*$M$25*1.1 -> 0 | V61: =B60*$M$25*1.1 -> 0 | W61: =B60*$M$25*1.1 -> 0 | X61: =B60*$M$25*1.1 -> 0 | Y61: Kotelo, m2 | Z61: 18.5 | AA61: =B68 -> 0 | AB61: =Z61*AA61 -> 0
B62: kpl | G62: SAUMAUS | H62: Litrat | I62: 10l purkki | P62: Pientarvikkeet | Q62: =$B$79 -> 0 | R62: =$B$79 -> 0 | S62: =$B$79 -> 0 | T62: =$B$79 -> 0 | U62: =$B$79 -> 0 | V62: =$B$79 -> 0 | W62: =$B$79 -> 0 | X62: =$B$79 -> 0 | Y62: Kotelo, jm | Z62: 11.98 | AA62: =B69 -> 0 | AB62: =Z62*AA62 -> 0
A63: Ovi, max M10 | G63: J | H63: =(((B52+B53+B56+B57+B68)*2)*0.25*0.3)+(B59*0.32*1.1) -> 0 | I63: =H63/10 -> 0 | P63: J | Q63: =+I63*$M$23 -> 0 | R63: =+I63*$M$23 -> 0 | S63: =+I63*$M$23 -> 0 | T63: =+I63*$M$23 -> 0 | U63: =+I63*$M$23 -> 0 | V63: =+I63*$M$23 -> 0 | W63: =+I63*$M$23 -> 0 | X63: =+I63*$M$23 -> 0 | Y63: Ovi, max M10 | Z63: 16.38 | AA63: =B63 -> 0 | AB63: =Z63*AA63 -> 0
G64: LF | H64: =(((B52+B53+B56+B57+B68)*2)*0.25*0.3)+(B59*0.32*1.1) -> 0 | I64: =H64/10 -> 0 | P64: LF | Q64: =+I64*$M$24 -> 0 | R64: =+I64*$M$24 -> 0 | S64: =+I64*$M$24 -> 0 | T64: =+I64*$M$24 -> 0 | U64: =+I64*$M$24 -> 0 | V64: =+I64*$M$24 -> 0 | W64: =+I64*$M$24 -> 0 | X64: =+I64*$M$24 -> 0
B65: Pituus | C65: Korkeus | G65: Akryyli | H65: =B71/3 -> 0 | P65: GK-kannatus | Q65: =$B$68*$M$29 -> 0 | R65: =$B$68*$M$29 -> 0 | S65: =$B$68*$M$29 -> 0 | T65: =$B$68*$M$29 -> 0 | U65: =$B$68*$M$29 -> 0 | V65: =$B$68*$M$29 -> 0 | W65: =$B$68*$M$29 -> 0 | X65: =$B$68*$M$29 -> 0
A66: Seinäke tai otsa, k-600 | G66: YLITASOITUS, 2mm kerros | H66: kg | I66: 20kg säkki | Y66: Seinäke tai otsa, k-600 | Z66: 37.44 | AA66: =B66 -> 0 | AB66: =Z66*AA66 -> 0
G67: L | H67: =(B52+B53+B56+B57)*2*2.4 -> 0 | I67: =H67/20 -> 0 | AA67: =(H63+H64)/0.2 -> 0 | AB67: =Z67*AA67 -> 0
A68: Kotelo, m2 | Y68: Kotelo, m2
A69: Kotelo, jm | Y69: Kotelo, jm
B70: jm | G70: LR+ | H70: =(B52+B53+B56+B57)*2*2.4 -> 0 | I70: =H70/20 -> 0
A71: Akryyli | G71: LF tai vastaava viimeistely, l / 10l purkki | H71: =(B52+B53+B56+B57)*2*0.6 -> 0 | I71: =H71/10 -> 0 | Y71: Akryyli | AA71: =B71 -> 0 | AB71: =Z71*AA71 -> 0
A72: tiivistykset, läpiviennit | Y72: tiivistykset, läpiviennit
B73: jm | G73: MAALI
A74: Vahvike, kertop. | H74: Litrat | I74: 18l purkki | Y74: Vahvike, kertop. | Z74: 1.7 | AA74: =B74 -> 0 | AB74: =Z74*AA74 -> 0
A75: esim. lasiaukko | G75: Pohjamaali | H75: =(B52+B53+B56+B57)*0.22222 -> 0 | I75: =(H75/18)*1.1 -> 0
G76: Pintamaali | H76: =(B52+B53+B56+B57)*0.25 -> 0 | I76: =(H76/18)*1.1 -> 0 | AB76: =SUM(AB52:AB74) -> 0
A77: Runkokiinnikkeet | C77: Spit Pulsa naulat 500 kpl + kaasut, 75€ setti
A78: Hobarit | C78: 4,2x90mm, 500 kpl / rasia
A79: Pientarvikkeet | C79: Saumanauhat, nurkkavahvikkeet jne.
Q81: =SUM(Q52:Q77) -> 0 | R81: =SUM(R52:R77) -> 0 | S81: =SUM(S52:S77) -> 0 | T81: =SUM(T52:T77) -> 0 | U81: =SUM(U52:U77) -> 0 | V81: =SUM(V52:V77) -> 0 | W81: =SUM(W52:W77) -> 0 | X81: =SUM(X52:X77) -> 0
A82: Hinta, Materiaalit | B82: EK - 66 LPR | C82: =SUMIF(Q83:Q90,B82,R83:R90)/((100-B83)/100) -> 0
A83: Kate-% | Q83: EK - 66 LPR | R83: =Q81/((100-B87)/100) -> 0
Q84: EK - 90 LPR | R84: =R81/((100-B87)/100) -> 0
A85: Työ | C85: =AB76*((100+B86)/100) -> 0 | Q85: EK - 66 XR | R85: =S81/((100-B87)/100) -> 0
A86: Lisä-% | B86: 50 | Q86: EK - 90 XR | R86: =T81/((100-B87)/100) -> 0
Q87: EK+VANERI- 66 LPR | R87: =U81/((100-B87)/100) -> 0
Q88: EK+VANERI- 90 LPR | R88: =V81/((100-B87)/100) -> 0
Q89: EK+VANERI- 66 XR | R89: =W81/((100-B87)/100) -> 0
Q90: EK+VANERI- 90 XR | R90: =X81/((100-B87)/100) -> 0
A92: POS-3 | B92: Kuvaus
A93: VS-3
G94: SEINÄN RAKENNUS
A95: K-600 | B95: Neliöt | H95: määrä | Q95: EK - 66 LPR | R95: EK - 90 LPR | S95: EK - 66 XR | T95: EK - 90 XR | U95: EK+VANERI- 66 LPR | V95: EK+VANERI- 90 LPR | W95: EK+VANERI- 66 XR | X95: EK+VANERI- 90 XR | Z95: Työn hinta | AA95: Määrä | AB95: yht.
A96: 1-kertanen | G96: Levy, m2 | H96: =(((B96*2)+(B97*4)+(B100*2)+(B101*4))+((B110*C110)*2)+(B103)+(B112))*1.1 -> 0 | P96: Levy | Q96: =H96*$M$7 -> 0 | R96: =H96*$M$7 -> 0 | S96: =H96*$M$7 -> 0 | T96: =H96*$M$7 -> 0 | U96: =H96*($M$7/2)+(H96*$M$25/2) -> 0 | V96: =H96*($M$7/2)+(H96*$M$25/2) -> 0 | W96: =H96*($M$7/2)+(H96*$M$25/2) -> 0 | X96: =H96*($M$7/2)+(H96*$M$25/2) -> 0 | Y96: 1-kertanen | Z96: 27.9 | AA96: =B96 -> 0 | AB96: =Z96*AA96 -> 0
A97: 2-kertanen | G97: Ranka, m | H97: =(((B96+B97+(B100*2)+(B101*2))*1.667)+(B110*1.667*C110))*1.1 -> 0 | I97: Otsa max 600 | P97: Ranka | Q97: =H97*$M$10 -> 0 | R97: =H97*$M$13 -> 0 | S97: =H97*$M$19 -> 0 | T97: =H97*$M$21 -> 0 | U97: =H97*$M$10 -> 0 | V97: =H97*$M$13 -> 0 | W97: =H97*$M$19 -> 0 | X97: =H97*$M$21 -> 0 | Y97: 2-kertanen | Z97: 37.44 | AA97: =B97 -> 0 | AB97: =Z97*AA97 -> 0
G98: Alakisko, seinä, m / otsat max 600, m | H98: =(((B96+B97+B100+B101)*0.667)+(B110*2))*1.1 -> 0 | I98: =((B96+B97+B100+B101)*1.666667)*1.1 -> 0 | P98: Alakisko | Q98: =H98*$M$11 -> 0 | R98: =H98*$M$14 -> 0 | S98: =H98*$M$20 -> 0 | T98: =H98*$M$22 -> 0 | U98: =H98*$M$11 -> 0 | V98: =H98*$M$14 -> 0 | W98: =H98*$M$20 -> 0 | X98: =H98*$M$22 -> 0
A99: K-300 | G99: Villa, m2 | H99: =(B96+B97+B100+B101)*1.1 -> 0 | P99: Villa | Q99: =+H99*$M$16 -> 0 | R99: =+H99*$M$16 -> 0 | S99: =+H99*$M$16 -> 0 | T99: =+H99*$M$16 -> 0 | U99: =+H99*$M$16 -> 0 | V99: =+H99*$M$16 -> 0 | W99: =+H99*$M$16 -> 0 | X99: =+H99*$M$16 -> 0 | Y99: K-300
A100: 1-kertainen | G100: Ruuvit, kpl / 1000 kpl pkt | H100: =(((B96+(B97*2)+B100+(B101*2))*30)+(B110*C110*30*2)+(B112*30))*1.1 -> 0 | I100: =H100/1000 -> 0 | J100: =ROUNDUP(I100,0) -> 0 | P100: Ruuvit | Q100: =$J$100*$M$30 -> 0 | R100: =$J$100*$M$30 -> 0 | S100: =$J$100*$M$30 -> 0 | T100: =$J$100*$M$30 -> 0 | U100: =$J$100*$M$30 -> 0 | V100: =$J$100*$M$30 -> 0 | W100: =$J$100*$M$30 -> 0 | X100: =$J$100*$M$30 -> 0 | Y100: 1-kertainen | Z100: 30.96 | AA100: =B100 -> 0 | AB100: =Z100*AA100 -> 0
A101: 2-kertainen | G101: Runkokiinnike, kpl | H101: =(H98*0.4)*1.1 -> 0 | P101: Runkokiinnike | Q101: =B121*$M$26 -> 0 | R101: =B121*$M$26 -> 0 | S101: =B121*$M$26 -> 0 | T101: =B121*$M$26 -> 0 | U101: =B121*$M$26 -> 0 | V101: =B121*$M$26 -> 0 | W101: =B121*$M$26 -> 0 | X101: =B121*$M$26 -> 0 | Y101: 2-kertainen | Z101: 40.32 | AA101: =B101 -> 0 | AB101: =Z101*AA101 -> 0
G102: Vahvike, esim kertopuu, metrit | H102: =(8*B107+B118)*1.1 -> 0 | P102: Vahvike | Q102: =+H102*$M$12 -> 0 | R102: =+H102*$M$15 -> 0 | S102: =+H102*$M$12 -> 0 | T102: =+H102*$M$12 -> 0 | U102: =+H102*$M$12 -> 0 | V102: =+H102*$M$15 -> 0 | W102: =+H102*$M$12 -> 0 | X102: =+H102*$M$12 -> 0
A103: Pelkkä levytys | G103: Ovivahvike ruuvit, kpl | H103: =(B107*6) -> 0 | P103: Hobarit | Q103: =B122*$M$27 -> 0 | R103: =B122*$M$27 -> 0 | S103: =B122*$M$27 -> 0 | T103: =B122*$M$27 -> 0 | U103: =B122*$M$27 -> 0 | V103: =B122*$M$27 -> 0 | W103: =B122*$M$27 -> 0 | X103: =B122*$M$27 -> 0 | Y103: Pelkkä levytys | Z103: 16.2 | AA103: =B103 -> 0 | AB103: =Z103*AA103 -> 0
A104: Pelkkä vaneri | G104: Kertopiuurunko, kiinnikkeet esim hobau 90mm, kpl | H104: =H98/0.3 -> 0 | P104: Akryyli | Q104: =H109*$M$28 -> 0 | R104: =H109*$M$28 -> 0 | S104: =H109*$M$28 -> 0 | T104: =H109*$M$28 -> 0 | U104: =H109*$M$28 -> 0 | V104: =H109*$M$28 -> 0 | W104: =H109*$M$28 -> 0 | X104: =H109*$M$28 -> 0 | Y104: Pelkkä vaneri | Z104: 18 | AA104: =B104 -> 0 | AB104: =Z104*AA104 -> 0
G105: GK-kannatus | H105: =B112*1.1 -> 0 | P105: Vaneri | Q105: =B104*(18*0.014)*$M$25*1.1 -> 0 | R105: =B104*$M$25*1.1 -> 0 | S105: =B104*$M$25*1.1 -> 0 | T105: =B104*$M$25*1.1 -> 0 | U105: =B104*$M$25*1.1 -> 0 | V105: =B104*$M$25*1.1 -> 0 | W105: =B104*$M$25*1.1 -> 0 | X105: =B104*$M$25*1.1 -> 0 | Y105: Kotelo, m2 | Z105: 18.5 | AA105: =B112 -> 0 | AB105: =Z105*AA105 -> 0
B106: kpl | G106: SAUMAUS | H106: Litrat | I106: 10l purkki | P106: Pientarvikkeet | Q106: =$B$123 -> 0 | R106: =$B$123 -> 0 | S106: =$B$123 -> 0 | T106: =$B$123 -> 0 | U106: =$B$123 -> 0 | V106: =$B$123 -> 0 | W106: =$B$123 -> 0 | X106: =$B$123 -> 0 | Y106: Kotelo, jm | Z106: 11.98 | AA106: =B113 -> 0 | AB106: =Z106*AA106 -> 0
A107: Ovi, max M10 | G107: J | H107: =(((B96+B97+B100+B101+B112)*2)*0.25*0.3)+(B103*0.32*1.1) -> 0 | I107: =H107/10 -> 0 | P107: J | Q107: =+I107*$M$23 -> 0 | R107: =+I107*$M$23 -> 0 | S107: =+I107*$M$23 -> 0 | T107: =+I107*$M$23 -> 0 | U107: =+I107*$M$23 -> 0 | V107: =+I107*$M$23 -> 0 | W107: =+I107*$M$23 -> 0 | X107: =+I107*$M$23 -> 0 | Y107: Ovi, max M10 | Z107: 16.38 | AA107: =B107 -> 0 | AB107: =Z107*AA107 -> 0
...

Sheet Maalaukset
A1: Tasoitukset ja maalaukset
A3: POS-1 | B3: Kuvaus
A4: Maalaus | B4: Kaikki seinät 3000 | K4: Menekki | Q4: sos 80% hinnoissa
B5: m2 / jm | H5: Tuote | I5: Menekki | J5: Tuote | K5: Menekki ylös pyör. | L5: Hinta, sk/pnt/rll | N5: Hinta | Q5: Työ | R5: Yht.
A6: Teippaus | B6: 1500 | G6: Sininen teippi | I6: =(B6/50)*1.1 -> 33 | J6: Teippi, rll | K6: =ROUNDUP(I6,0) -> 33 | L6: 11.26 | N6: =K6*L6 -> 371.58 | P6: Teippi + 1/4 imurointi | Q6: 1.25 | R6: =B6*Q6 -> 1875
A8: Osittain tasoitus, LG | G8: 0,4kg | H8: LW | I8: =(B8*0.4)/10 -> 0 | K8: =ROUNDUP(I8,0) -> 0 | L8: 41.1 | N8: =K8*L8 -> 0 | P8: Osittelu | Q8: 0.72 | R8: =B8*Q8 -> 0
A9: Osittainen tasoitus, LF | P9: Osittelu | Q9: 0.72 | R9: =B9*Q9 -> 0
R10: =B10*Q10 -> 0
A11: Ylitasoitus | C11: 1mm kerros / L ja LR+, voi laske neliöt X 2-3 | G11: Ylitasoitus n. 3mm, kilohinta | H11: L | I11: =(B11*1.2)/20 -> 0 | J11: Vetonit L | K11: =ROUNDUP(I11,0) -> 0 | L11: 11.9 | N11: =K11*L11 -> 0 | P11: Ylitasotus | Q11: 3.96 | R11: =B11*Q11 -> 0
H12: LR+ | I12: =(B11*1.2)/20 -> 0 | J12: Veotnit LR+ | K12: =ROUNDUP(I12,0) -> 0 | L12: 13.12 | N12: =K12*L12 -> 0 | R12: =B12*Q12 -> 0
A13: Rappauskorjaus, 10mm asti | P13: Rappaus | Q13: 28.98 | R13: =B13*Q13 -> 0
G14: 0,3kg / m2 osittaisessa | H14: LF | I14: =(B9*0.4)/10 -> 0 | J14: Teknos LF | K14: =ROUNDUP(I14,0) -> 0 | L14: 25.73 | N14: =K14*L14 -> 0 | R14: =B14*Q14 -> 0
A15: Pohjamaalaus 2X | B15: =850+380 -> 1230 | P15: Pohjamaal + hiomaal | Q15: 3.06 | R15: =B15*Q15 -> 3763.8
A16: Pintamaalaus 2X, maalarinv. | B16: 650 | G16: 10mm rappauskerros | H16: Goldband | I16: =(B13*12)/20 -> 0 | J16: Goldband | K16: =ROUNDUP(I16,0) -> 0 | L16: 15.07 | N16: =K16*L16 -> 0 | P16: Pintamaal 2X | Q16: 3.06 | R16: =B16*Q16 -> 1989
A17: Pintamaalaus 2X, sävytetty | B17: 200 | P17: Pintamaal 2X | Q17: 3.06 | R17: =B17*Q17 -> 612
G18: Pohjamaali, 6m2/l | H18: siro 2 | I18: =(B15*2*0.222222)/18 -> 30.37034 | J18: Siro 2 | K18: =ROUNDUP(I18,0) -> 31 | L18: 43 | N18: =K18*L18 -> 1333 | R18: =B18*Q18 -> 0
A19: Erillismaalit | C19: Purkkihinta, € | D19: Kuvaus | E19: Tuote | F19: Purkin koko, l | R19: =B19*Q19 -> 0
A20: Maali 1 X2 | F20: 0,1 | G20: Pintamaali MV, 6m2 / l | H20: Siro 7 mv | I20: =(B16*2*0.222222)/18 -> 16.049367 | J20: Siro 7 mv, 18l | K20: =ROUNDUP(I20,0) -> 17 | L20: 65 | N20: =K20*L20 -> 1105 | R20: =B20*Q20 -> 0
A21: Maali 2 X2 | F21: 0,1 | G21: Pintamaali + sävytys 6m2/l | H21: Nova C | I21: =(B17*2*0.222222)/18 -> 4.9382667 | J21: Nova C + sävy | K21: =ROUNDUP(I21,0) -> 5 | L21: 149 | N21: =K21*L21 -> 745 | R21: =B21*Q21 -> 0
A22: Maali 3 X2 | F22: 0,1 | R22: =B22*Q22 -> 0
C23: Purkkihintaan vain 1 purkin hinta, ohjelma laskee menekin itse | G23: Maali 1 | I23: =((B20*2)*0.22222)/F20 -> 0 | J23: Maali 1 | K23: =ROUNDUP(I23,0) -> 0 | L23: =C20 -> 0 | N23: =K23*L23 -> 0 | Q23: 3.06 | R23: =B20*Q23 -> 0
A24: Pientarvikkeet, € | B24: 500 | G24: Maali 2 | I24: =((B21*2)*0.22222)/F21 -> 0 | J24: Maali 2 | K24: =ROUNDUP(I24,0) -> 0 | L24: =C21 -> 0 | N24: =K24*L24 -> 0 | Q24: 3.06 | R24: =B21*Q24 -> 0
B25: 0 | G25: Maali 3 | I25: =((B22*2)*0.22222)/F22 -> 0 | J25: Maali 3 | K25: =ROUNDUP(I25,0) -> 0 | L25: =C22 -> 0 | N25: =K25*L25 -> 0 | Q25: 3.06 | R25: =B22*Q25 -> 0
A27: Hinta, materiaalit | B27: =N30/((100-B28)/100) -> 4505.0889
A28: Kate | B28: 10 | G28: Pientarvikkeet | N28: =B24 -> 500
A30: Työ | B30: =R30*((100+B31)/100) -> 8239.8 | N30: =SUM(N6:N28) -> 4054.58 | R30: =SUM(R6:R29) -> 8239.8
A31: Lisä-%
A33: Yht. | B33: =B27+B30 -> 12744.889
A36: POS-2 | B36: Kuvaus
A37: Maalaus | B37: wc etutilan maalaukset
B38: m2 / jm | H38: Tuote | I38: Menekki | J38: Tuote | K38: Menekki ylös pyör. | L38: Hinta, sk/pnt/rll | N38: Hinta | Q38: Työ | R38: Yht.
A39: Teippaus | G39: Sininen teippi | I39: =(B39/50)*1.1 -> 0 | K39: =ROUNDUP(I39,0) -> 0 | L39: 11.26 | N39: =K39*L39 -> 0 | P39: Teippi + 1/4 imurointi | Q39: 1.25 | R39: =B39*Q39 -> 0
A41: Osittain tasoitus, LG | G41: 0,4kg | H41: LW | I41: =(B41*0.4)/10 -> 0 | K41: =ROUNDUP(I41,0) -> 0 | L41: 41.1 | N41: =K41*L41 -> 0 | P41: Osittelu | Q41: 0.72 | R41: =B41*Q41 -> 0
A42: Osittainen tasoitus, LF | P42: Osittelu | Q42: 0.72 | R42: =B42*Q42 -> 0
R43: =B43*Q43 -> 0
A44: Ylitasoitus | C44: 1mm kerros / L ja LR+, voi laske neliöt X 2-3 | G44: Ylitasoitus n. 3mm, kilohinta | H44: L | I44: =(B44*1.2)/20 -> 0 | J44: Vetonit L | K44: =ROUNDUP(I44,0) -> 0 | L44: 11.9 | N44: =K44*L44 -> 0 | P44: Ylitasotus | Q44: 3.96 | R44: =B44*Q44 -> 0
H45: LR+ | I45: =(B44*1.2)/20 -> 0 | J45: Veotnit LR+ | K45: =ROUNDUP(I45,0) -> 0 | L45: 13.12 | N45: =K45*L45 -> 0 | R45: =B45*Q45 -> 0
A46: Rappauskorjaus, 10mm asti | P46: Rappaus | Q46: 28.98 | R46: =B46*Q46 -> 0
G47: 0,3kg / m2 osittaisessa | H47: LF | I47: =(B42*0.4)/10 -> 0 | J47: Teknos LF | K47: =ROUNDUP(I47,0) -> 0 | L47: 25.73 | N47: =K47*L47 -> 0 | R47: =B47*Q47 -> 0
A48: Pohjamaalaus 2X | B48: 35 | P48: Pohjamaal + hiomaal | Q48: 3.06 | R48: =B48*Q48 -> 107.1
A49: Pintamaalaus 2X, maalarinv. | G49: 10mm rappauskerros | H49: Goldband | I49: =(B46*12)/20 -> 0 | J49: Goldband | K49: =ROUNDUP(I49,0) -> 0 | L49: 15.07 | N49: =K49*L49 -> 0 | P49: Pintamaal 2X | Q49: 3.06 | R49: =B49*Q49 -> 0
A50: Pintamaalaus 2X, sävytetty | B50: 35 | P50: Pintamaal 2X | Q50: 3.06 | R50: =B50*Q50 -> 107.1
G51: Pohjamaali, 6m2/l | H51: siro 2 | I51: =(B48*2*0.222222)/18 -> 0.86419667 | J51: Siro 2 | K51: =ROUNDUP(I51,0) -> 1 | L51: 51.58 | N51: =K51*L51 -> 51.58 | R51: =B51*Q51 -> 0
A52: Erillismaalit | C52: Purkkihinta, € | D52: Kuvaus | E52: Tuote | F52: Purkin koko, l | R52: =B52*Q52 -> 0
A53: Maali 1 X2 | F53: 0,1 | G53: Pintamaali MV, 6m2 / l | H53: Siro 7 mv | I53: =(B49*2*0.222222)/18 -> 0 | J53: Siro 7 mv, 18l | K53: =ROUNDUP(I53,0) -> 0 | L53: 74.1 | N53: =K53*L53 -> 0 | R53: =B53*Q53 -> 0
A54: Maali 2 X2 | F54: 0,1 | G54: Pintamaali + sävytys 6m2/l | H54: Nova C | I54: =(B50*2*0.222222)/18 -> 0.86419667 | J54: Nova C + sävy | K54: =ROUNDUP(I54,0) -> 1 | L54: 149 | N54: =K54*L54 -> 149 | R54: =B54*Q54 -> 0
A55: Maali 3 X2 | F55: 0,1 | R55: =B55*Q55 -> 0
C56: Purkkihintaan vain 1 purkin hinta, ohjelma laskee menekin itse | G56: Maali 1 | I56: =((B53*2)*0.22222)/F53 -> 0 | J56: Maali 1 | K56: =ROUNDUP(I56,0) -> 0 | L56: =C53 -> 0 | N56: =K56*L56 -> 0 | Q56: 3.06 | R56: =B53*Q56 -> 0
A57: Pientarvikkeet, € | B57: 200 | G57: Maali 2 | I57: =((B54*2)*0.22222)/F54 -> 0 | J57: Maali 2 | K57: =ROUNDUP(I57,0) -> 0 | L57: =C54 -> 0 | N57: =K57*L57 -> 0 | Q57: 3.06 | R57: =B54*Q57 -> 0
G58: Maali 3 | I58: =((B55*2)*0.22222)/F55 -> 0 | J58: Maali 3 | K58: =ROUNDUP(I58,0) -> 0 | L58: =C55 -> 0 | N58: =K58*L58 -> 0 | Q58: 3.06 | R58: =B55*Q58 -> 0
A60: Hinta, materiaalit | B60: =N63/((100-B61)/100) -> 801.16
A61: Kate | B61: 50 | G61: Pientarvikkeet | N61: =B57 -> 200
A63: Työ | B63: =R63*((100+B64)/100) -> 267.75 | N63: =SUM(N39:N61) -> 400.58 | R63: =SUM(R39:R62) -> 214.2
A64: Lisä-% | B64: 25
A66: Yht. | B66: =B60+B63 -> 1068.91
A69: POS-3 | B69: Kuvaus
A70: Maalaus
B71: m2 / jm | H71: Tuote | I71: Menekki | J71: Tuote | K71: Menekki ylös pyör. | L71: Hinta, sk/pnt/rll | N71: Hinta | Q71: Työ | R71: Yht.
A72: Teippaus | G72: Sininen teippi | I72: =(B72/50)*1.1 -> 0 | K72: =ROUNDUP(I72,0) -> 0 | L72: 11.26 | N72: =K72*L72 -> 0 | P72: Teippi + 1/4 imurointi | Q72: 1.25 | R72: =B72*Q72 -> 0
A74: Osittain tasoitus, LG | G74: 0,4kg | H74: LW | I74: =(B74*0.4)/10 -> 0 | K74: =ROUNDUP(I74,0) -> 0 | L74: 41.1 | N74: =K74*L74 -> 0 | P74: Osittelu | Q74: 0.72 | R74: =B74*Q74 -> 0
A75: Osittainen tasoitus, LF | P75: Osittelu | Q75: 0.72 | R75: =B75*Q75 -> 0
R76: =B76*Q76 -> 0
A77: Ylitasoitus | C77: 1mm kerros / L ja LR+, voi laske neliöt X 2-3 | G77: Ylitasoitus n. 3mm, kilohinta | H77: L | I77: =(B77*1.2)/20 -> 0 | J77: Vetonit L | K77: =ROUNDUP(I77,0) -> 0 | L77: 11.9 | N77: =K77*L77 -> 0 | P77: Ylitasotus | Q77: 3.96 | R77: =B77*Q77 -> 0
H78: LR+ | I78: =(B77*1.2)/20 -> 0 | J78: Veotnit LR+ | K78: =ROUNDUP(I78,0) -> 0 | L78: 13.12 | N78: =K78*L78 -> 0 | R78: =B78*Q78 -> 0
A79: Rappauskorjaus, 10mm asti | P79: Rappaus | Q79: 28.98 | R79: =B79*Q79 -> 0
G80: 0,3kg / m2 osittaisessa | H80: LF | I80: =(B75*0.4)/10 -> 0 | J80: Teknos LF | K80: =ROUNDUP(I80,0) -> 0 | L80: 25.73 | N80: =K80*L80 -> 0 | R80: =B80*Q80 -> 0
A81: Pohjamaalaus 2X | P81: Pohjamaal + hiomaal | Q81: 3.06 | R81: =B81*Q81 -> 0
A82: Pintamaalaus 2X, maalarinv. | G82: 10mm rappauskerros | H82: Goldband | I82: =(B79*12)/20 -> 0 | J82: Goldband | K82: =ROUNDUP(I82,0) -> 0 | L82: 15.07 | N82: =K82*L82 -> 0 | P82: Pintamaal 2X | Q82: 3.06 | R82: =B82*Q82 -> 0
A83: Pintamaalaus 2X, sävytetty | P83: Pintamaal 2X | Q83: 3.06 | R83: =B83*Q83 -> 0
G84: Pohjamaali, 6m2/l | H84: siro 2 | I84: =(B81*2*0.222222)/18 -> 0 | J84: Siro 2 | K84: =ROUNDUP(I84,0) -> 0 | L84: 51.58 | N84: =K84*L84 -> 0 | R84: =B84*Q84 -> 0
A85: Erillismaalit | C85: Purkkihinta, € | D85: Kuvaus | E85: Tuote | F85: Purkin koko, l | R85: =B85*Q85 -> 0
A86: Maali 1 X2 | F86: 0,1 | G86: Pintamaali MV, 6m2 / l | H86: Siro 7 mv | I86: =(B82*2*0.222222)/18 -> 0 | J86: Siro 7 mv, 18l | K86: =ROUNDUP(I86,0) -> 0 | L86: 74.1 | N86: =K86*L86 -> 0 | R86: =B86*Q86 -> 0
A87: Maali 2 X2 | F87: 0,1 | G87: Pintamaali + sävytys 6m2/l | H87: Nova C | I87: =(B83*2*0.222222)/18 -> 0 | J87: Nova C + sävy | K87: =ROUNDUP(I87,0) -> 0 | L87: 149 | N87: =K87*L87 -> 0 | R87: =B87*Q87 -> 0
A88: Maali 3 X2 | F88: 0,1 | R88: =B88*Q88 -> 0
C89: Purkkihintaan vain 1 purkin hinta, ohjelma laskee menekin itse | G89: Maali 1 | I89: =((B86*2)*0.22222)/F86 -> 0 | J89: Maali 1 | K89: =ROUNDUP(I89,0) -> 0 | L89: =C86 -> 0 | N89: =K89*L89 -> 0 | Q89: 3.06 | R89: =B86*Q89 -> 0
A90: Pientarvikkeet, € | G90: Maali 2 | I90: =((B87*2)*0.22222)/F87 -> 0 | J90: Maali 2 | K90: =ROUNDUP(I90,0) -> 0 | L90: =C87 -> 0 | N90: =K90*L90 -> 0 | Q90: 3.06 | R90: =B87*Q90 -> 0
G91: Maali 3 | I91: =((B88*2)*0.22222)/F88 -> 0 | J91: Maali 3 | K91: =ROUNDUP(I91,0) -> 0 | L91: =C88 -> 0 | N91: =K91*L91 -> 0 | Q91: 3.06 | R91: =B88*Q91 -> 0
A93: Hinta, materiaalit | B93: =N96/((100-B94)/100) -> 0
A94: Kate | B94: 0 | G94: Pientarvikkeet | N94: =B90 -> 0
A96: Työ | B96: =R96*((100+B97)/100) -> 0 | N96: =SUM(N72:N94) -> 0 | R96: =SUM(R72:R95) -> 0
A97: Lisä-% | B97: 20
A99: Yht. | B99: =B93+B96 -> 0
A102: POS-4 | B102: Kuvaus
A103: Maalaus
B104: m2 / jm | H104: Tuote | I104: Menekki | J104: Tuote | K104: Menekki ylös pyör. | L104: Hinta, sk/pnt/rll | N104: Hinta | Q104: Työ | R104: Yht.
A105: Teippaus | G105: Sininen teippi | I105: =(B105/50)*1.1 -> 0 | K105: =ROUNDUP(I105,0) -> 0 | L105: 11.26 | N105: =K105*L105 -> 0 | P105: Teippi + 1/4 imurointi | Q105: 1.25 | R105: =B105*Q105 -> 0
A107: Osittain tasoitus, LG | G107: 0,4kg | H107: LW | I107: =(B107*0.4)/10 -> 0 | K107: =ROUNDUP(I107,0) -> 0 | L107: 41.1 | N107: =K107*L107 -> 0 | P107: Osittelu | Q107: 0.72 | R107: =B107*Q107 -> 0
A108: Osittainen tasoitus, LF | P108: Osittelu | Q108: 0.72 | R108: =B108*Q108 -> 0
R109: =B109*Q109 -> 0
A110: Ylitasoitus | C110: 1mm kerros / L ja LR+, voi laske neliöt X 2-3 | G110: Ylitasoitus n. 3mm, kilohinta | H110: L | I110: =(B110*1.2)/20 -> 0 | J110: Vetonit L | K110: =ROUNDUP(I110,0) -> 0 | L110: 11.9 | N110: =K110*L110 -> 0 | P110: Ylitasotus | Q110: 3.96 | R110: =B110*Q110 -> 0
H111: LR+ | I111: =(B110*1.2)/20 -> 0 | J111: Veotnit LR+ | K111: =ROUNDUP(I111,0) -> 0 | L111: 13.12 | N111: =K111*L111 -> 0 | R111: =B111*Q111 -> 0
A112: Rappauskorjaus, 10mm asti | P112: Rappaus | Q112: 28.98 | R112: =B112*Q112 -> 0
G113: 0,3kg / m2 osittaisessa | H113: LF | I113: =(B108*0.4)/10 -> 0 | J113: Teknos LF | K113: =ROUNDUP(I113,0) -> 0 | L113: 25.73 | N113: =K113*L113 -> 0 | R113: =B113*Q113 -> 0
A114: Pohjamaalaus 2X | P114: Pohjamaal + hiomaal | Q114: 3.06 | R114: =B114*Q114 -> 0
A115: Pintamaalaus 2X, maalarinv. | G115: 10mm rappauskerros | H115: Goldband | I115: =(B112*12)/20 -> 0 | J115: Goldband | K115: =ROUNDUP(I115,0) -> 0 | L115: 15.07 | N115: =K115*L115 -> 0 | P115: Pintamaal 2X | Q115: 3.06 | R115: =B115*Q115 -> 0
A116: Pintamaalaus 2X, sävytetty | P116: Pintamaal 2X | Q116: 3.06 | R116: =B116*Q116 -> 0
G117: Pohjamaali, 6m2/l | H117: siro 2 | I117: =(B114*2*0.222222)/18 -> 0 | J117: Siro 2 | K117: =ROUNDUP(I117,0) -> 0 | L117: 51.58 | N117: =K117*L117 -> 0 | R117: =B117*Q117 -> 0
A118: Erillismaalit | C118: Purkkihinta, € | D118: Kuvaus | E118: Tuote | F118: Purkin koko, l | R118: =B118*Q118 -> 0
A119: Maali 1 X2 | F119: 0,1 | G119: Pintamaali MV, 6m2 / l | H119: Siro 7 mv | I119: =(B115*2*0.222222)/18 -> 0 | J119: Siro 7 mv, 18l | K119: =ROUNDUP(I119,0) -> 0 | L119: 74.1 | N119: =K119*L119 -> 0 | R119: =B119*Q119 -> 0
A120: Maali 2 X2 | F120: 0,1 | G120: Pintamaali + sävytys 6m2/l | H120: Nova C | I120: =(B116*2*0.222222)/18 -> 0 | J120: Nova C + sävy | K120: =ROUNDUP(I120,0) -> 0 | L120: 149 | N120: =K120*L120 -> 0 | R120: =B120*Q120 -> 0
...

Sheet Alakatot
A1: Alakattoasennukset
A3: POS-1 | B3: Kuvaus
A4: Alakattoasennus | B4: Katon akustointi 75%
G5: Materiaali | K5: Työ
B6: Määrä, m2 | C6: Tuote | G6: Määrä | H6: Hinta | I6: Yht. | K6: Määrä | L6: Hinta | M6: Yht.
A7: Liimakiinnitys | B7: 190 | G7: =B7 -> 190 | H7: =B8+3.4 -> 26.4 | I7: =G7*H7 -> 5016 | K7: =B7 -> 190 | L7: 12 | M7: =K7*L7 -> 2280
A8: Tuotteen hinta / m2 | B8: 23 | C8: Ecophon DS frost white, 600x1200x40 | G8: =B8 -> 23 | I8: =G8*H8 -> 0 | M8: =K8*L8 -> 0
M9: =K9*L9 -> 0
A10: T-15, T-24, normi | G10: =B10 -> 0 | H10: 5.5 | I10: =G10*H10 -> 0 | K10: =B10 -> 0 | L10: 15.12 | M10: =K10*L10 -> 0
A11: Tuotteen hinta / m2 | C11: Ecophon DS A-reuna | G11: =B10 -> 0 | H11: =B11 -> 0 | I11: =G11*H11 -> 0 | M11: =K11*L11 -> 0
M12: =K12*L12 -> 0
A13: T-15, T-24, piiloasennus | G13: =B13 -> 0 | H13: 5.5 | I13: =G13*H13 -> 0 | K13: =B13 -> 0 | L13: 18 | M13: =K13*L13 -> 0
A14: Tuotteen hinta / m2 | C14: Ecophon FG E-reuna | G14: =B13 -> 0 | H14: =B14 -> 0 | I14: =G14*H14 -> 0 | M14: =K14*L14 -> 0
M15: =K15*L15 -> 0
A16: SK (ripustuskisko) + GN13 | G16: =B16 -> 0 | H16: 17 | I16: =G16*H16 -> 0 | K16: =B16 -> 0 | L16: 27.9 | M16: =K16*L16 -> 0
A17: Kiinteä runko | G17: =B17*4 -> 0 | H17: 2.4 | I17: =G17*H17 -> 0 | K17: =B17 -> 0 | L17: 25.1 | M17: =K17*L17 -> 0
A18: Runko hinta / m | C18: esim kertopuu, metalliranka | M18: =K18*L18 -> 0
M19: =K19*L19 -> 0
A20: Kiinteä kipsilevykatto | G20: =B20 -> 0 | H20: =B21 -> 0 | I20: =G20*H20*1.1 -> 0 | M20: =K20*L20 -> 0
A21: Levyn hinta / m2 | M21: =K21*L21 -> 0
M22: =K22*L22 -> 0
A23: Pientarvikkeet € | B23: 500 | I23: =B23 -> 500 | M23: =K23*L23 -> 0
H25: yht. | I25: =SUM(I7:I23) -> 5516 | L25: yht. | M25: =SUM(M7:M24) -> 2280
A26: Hinta, materiaalit | B26: =I25/((100-B27)/100) -> 5516
A27: Kate-% | B27: 0
A29: Hinta, Työ | B29: =M25*((100+B30)/100) -> 2850
A30: Lisä-% | B30: 25
A33: POS-2 | B33: Kuvaus
A34: Alakattoasennus | B34: T-24 yleensä
G35: Materiaali | K35: Työ
B36: Määrä, m2 | C36: Tuote | G36: Määrä | H36: Hinta | I36: Yht. | K36: Määrä | L36: Hinta | M36: Yht.
A37: Liimakiinnitys | G37: =B37 -> 0 | H37: =B38+3.4 -> 3.4 | I37: =G37*H37 -> 0 | K37: =B37 -> 0 | L37: 12 | M37: =K37*L37 -> 0
A38: Tuotteen hinta / m2 | C38: Ecophon DS frost white, 600x1200x40 | G38: =B38 -> 0 | I38: =G38*H38 -> 0 | M38: =K38*L38 -> 0
M39: =K39*L39 -> 0
A40: T-15, T-24, normi | B40: 70 | G40: =B40 -> 70 | H40: 5.5 | I40: =G40*H40 -> 385 | K40: =B40 -> 70 | L40: 20 | M40: =K40*L40 -> 1400
A41: Tuotteen hinta / m2 | B41: 23 | C41: Ecophon DS A-reuna | G41: =B40 -> 70 | H41: =B41 -> 23 | I41: =G41*H41 -> 1610 | M41: =K41*L41 -> 0
M42: =K42*L42 -> 0
A43: T-15, T-24, piiloasennus | G43: =B43 -> 0 | H43: 5.5 | I43: =G43*H43 -> 0 | K43: =B43 -> 0 | L43: 25 | M43: =K43*L43 -> 0
A44: Tuotteen hinta / m2 | C44: Ecophon FG E-reuna | G44: =B43 -> 0 | H44: =B44 -> 0 | I44: =G44*H44 -> 0 | M44: =K44*L44 -> 0
M45: =K45*L45 -> 0
A46: SK (ripustuskisko) + GN13 | G46: =B46 -> 0 | H46: 17 | I46: =G46*H46 -> 0 | K46: =B46 -> 0 | L46: 35 | M46: =K46*L46 -> 0
A47: Kiinteä runko | G47: =B47*4 -> 0 | H47: 2.4 | I47: =G47*H47 -> 0 | K47: =B47 -> 0 | L47: 25 | M47: =K47*L47 -> 0
A48: Runko hinta / m | C48: esim kertopuu, metalliranka | M48: =K48*L48 -> 0
M49: =K49*L49 -> 0
A50: Kiinteä kipsilevykatto | G50: =B50 -> 0 | H50: =B51 -> 0 | I50: =G50*H50*1.1 -> 0 | M50: =K50*L50 -> 0
A51: Levyn hinta / m2 | M51: =K51*L51 -> 0
M52: =K52*L52 -> 0
A53: Pientarvikkeet € | B53: 350 | I53: =B53 -> 350 | M53: =K53*L53 -> 0
H55: yht. | I55: =SUM(I37:I53) -> 2345 | L55: yht. | M55: =SUM(M37:M54) -> 1400
A56: Hinta, materiaalit | B56: =I55/((100-B57)/100) -> 2345
A57: Kate-% | B57: 0
A59: Hinta, Työ | B59: =M55*((100+B60)/100) -> 2100
A60: Lisä-% | B60: 50
A63: POS-3 | B63: Kuvaus
A64: Alakattoasennus | B64: AK1
G65: Materiaali | K65: Työ
B66: Määrä, m2 | C66: Tuote | G66: Määrä | H66: Hinta | I66: Yht. | K66: Määrä | L66: Hinta | M66: Yht.
A67: Liimakiinnitys | G67: =B67 -> 0 | H67: =B68+3.4 -> 3.4 | I67: =G67*H67 -> 0 | K67: =B67 -> 0 | L67: 12 | M67: =K67*L67 -> 0
A68: Tuotteen hinta / m2 | C68: Ecophon DS frost white, 600x1200x40 | G68: =B68 -> 0 | I68: =G68*H68 -> 0 | M68: =K68*L68 -> 0
M69: =K69*L69 -> 0
A70: T-15, T-24, normi | G70: =B70 -> 0 | H70: 5.5 | I70: =G70*H70 -> 0 | K70: =B70 -> 0 | L70: 20 | M70: =K70*L70 -> 0
A71: Tuotteen hinta / m2 | C71: Ecophon DS A-reuna | G71: =B70 -> 0 | H71: =B71 -> 0 | I71: =G71*H71 -> 0 | M71: =K71*L71 -> 0
M72: =K72*L72 -> 0
A73: T-15, T-24, piiloasennus | G73: =B73 -> 0 | H73: 5.5 | I73: =G73*H73 -> 0 | K73: =B73 -> 0 | L73: 25 | M73: =K73*L73 -> 0
A74: Tuotteen hinta / m2 | C74: Ecophon FG E-reuna | G74: =B73 -> 0 | H74: =B74 -> 0 | I74: =G74*H74 -> 0 | M74: =K74*L74 -> 0
M75: =K75*L75 -> 0
A76: SK (ripustuskisko) + GN13 | G76: =B76 -> 0 | H76: 17 | I76: =G76*H76 -> 0 | K76: =B76 -> 0 | L76: 35 | M76: =K76*L76 -> 0
A77: Kiinteä runko | G77: =B77*4 -> 0 | H77: 2.4 | I77: =G77*H77 -> 0 | K77: =B77 -> 0 | L77: 25 | M77: =K77*L77 -> 0
A78: Runko hinta / m | C78: esim kertopuu, metalliranka | M78: =K78*L78 -> 0
M79: =K79*L79 -> 0
A80: Kiinteä kipsilevykatto | G80: =B80 -> 0 | H80: =B81 -> 0 | I80: =G80*H80*1.1 -> 0 | M80: =K80*L80 -> 0
A81: Levyn hinta / m2 | M81: =K81*L81 -> 0
M82: =K82*L82 -> 0
A83: Pientarvikkeet € | I83: =B83 -> 0 | M83: =K83*L83 -> 0
H85: yht. | I85: =SUM(I67:I83) -> 0 | L85: yht. | M85: =SUM(M67:M84) -> 0
A86: Hinta, materiaalit | B86: =I85/((100-B87)/100) -> 0
A87: Kate-% | B87: 0
A89: Hinta, Työ | B89: =M85*((100+B90)/100) -> 0
A90: Lisä-% | B90: 0
A93: POS-4 | B93: Kuvaus
A94: Alakattoasennus | B94: AK1
G95: Materiaali | K95: Työ
B96: Määrä, m2 | C96: Tuote | G96: Määrä | H96: Hinta | I96: Yht. | K96: Määrä | L96: Hinta | M96: Yht.
A97: Liimakiinnitys | G97: =B97 -> 0 | H97: =B98+3.4 -> 3.4 | I97: =G97*H97 -> 0 | K97: =B97 -> 0 | L97: 12 | M97: =K97*L97 -> 0
A98: Tuotteen hinta / m2 | C98: Ecophon DS frost white, 600x1200x40 | G98: =B98 -> 0 | I98: =G98*H98 -> 0 | M98: =K98*L98 -> 0
M99: =K99*L99 -> 0
A100: T-15, T-24, normi | G100: =B100 -> 0 | H100: 5.5 | I100: =G100*H100 -> 0 | K100: =B100 -> 0 | L100: 20 | M100: =K100*L100 -> 0
A101: Tuotteen hinta / m2 | C101: Ecophon DS A-reuna | G101: =B100 -> 0 | H101: =B101 -> 0 | I101: =G101*H101 -> 0 | M101: =K101*L101 -> 0
M102: =K102*L102 -> 0
A103: T-15, T-24, piiloasennus | G103: =B103 -> 0 | H103: 5.5 | I103: =G103*H103 -> 0 | K103: =B103 -> 0 | L103: 25 | M103: =K103*L103 -> 0
A104: Tuotteen hinta / m2 | C104: Ecophon FG E-reuna | G104: =B103 -> 0 | H104: =B104 -> 0 | I104: =G104*H104 -> 0 | M104: =K104*L104 -> 0
M105: =K105*L105 -> 0
A106: SK (ripustuskisko) + GN13 | G106: =B106 -> 0 | H106: 17 | I106: =G106*H106 -> 0 | K106: =B106 -> 0 | L106: 35 | M106: =K106*L106 -> 0
A107: Kiinteä runko | G107: =B107*4 -> 0 | H107: 2.4 | I107: =G107*H107 -> 0 | K107: =B107 -> 0 | L107: 25 | M107: =K107*L107 -> 0
A108: Runko hinta / m | C108: esim kertopuu, metalliranka | M108: =K108*L108 -> 0
M109: =K109*L109 -> 0
A110: Kiinteä kipsilevykatto | G110: =B110 -> 0 | H110: =B111 -> 0 | I110: =G110*H110*1.1 -> 0 | M110: =K110*L110 -> 0
A111: Levyn hinta / m2 | M111: =K111*L111 -> 0
M112: =K112*L112 -> 0
A113: Pientarvikkeet € | I113: =B113 -> 0 | M113: =K113*L113 -> 0
...

Sheet Laatoitukset
A1: Laatoitukset
A3: POS-1 | B3: Kuvaus
A4: Laatoitukset | B4: seinien laatoitus
H5: Materiaali | L5: Työ | P5: Menekki
B6: Määrä, m2 | C6: Tuote | D6: Hukka-% | H6: Määrä | I6: Hinta | J6: Yht. | L6: Määrä | M6: Hinta | N6: Yht. | P6: kg | Q6: yksikkö, esim säkki | R6: Pyöristys täyteen
A7: Laatoitus, kuivat tilat | H7: =B7 -> 0 | I7: =(B8*(D8/100+1))+3 -> 3 | J7: =H7*I7 -> 0 | L7: =B7 -> 0 | M7: 38 | N7: =L7*M7 -> 0 | O7: Vetonit Rex Fix | P7: =B7*3 -> 0 | Q7: =P7/20 -> 0 | R7: =ROUNDUP(Q7,0) -> 0
A8: Tuotteen hinta / m2 | D8: 10 | J8: =H8*I8 -> 0 | N8: =L8*M8 -> 0 | R8: =ROUNDUP(Q8,0) -> 0
N9: =L9*M9 -> 0 | R9: =ROUNDUP(Q9,0) -> 0
A10: Laatoitus, kosteat tilat | B10: 65 | H10: =B10 -> 65 | I10: =(B11*(D11/100+1))+3 -> 47 | J10: =H10*I10 -> 3055 | L10: =B10 -> 65 | M10: 38 | N10: =L10*M10 -> 2470 | O10: Vetonit Rex Fix | P10: =B10*3 -> 195 | Q10: =P10/20 -> 9.75 | R10: =ROUNDUP(Q10,0) -> 10
A11: Tuotteen hinta / m2 | B11: 40 | C11: Stark VV57, 20x40 mattavalk. | D11: 10 | N11: =L11*M11 -> 0 | R11: =ROUNDUP(Q11,0) -> 0
N12: =L12*M12 -> 0 | R12: =ROUNDUP(Q12,0) -> 0
A13: Laatoitus kosteat tilat, sis. Vesieristys -> sauman pesu | E13: Työn osuus + laatan hinta | H13: =B13 -> 0 | I13: =(B14*(D14/100+1)) -> 0 | J13: =H13*I13 -> 0 | L13: =B13 -> 0 | M13: 75 | N13: =L13*M13 -> 0 | O13: Vetonit Rex Fix | P13: =B13*3 -> 0 | Q13: =P13/20 -> 0 | R13: =ROUNDUP(Q13,0) -> 0
A14: Tuotteen hinta / m2 | D14: 10 | N14: =L14*M14 -> 0 | R14: =ROUNDUP(Q14,0) -> 0
N15: =L15*M15 -> 0 | R15: =ROUNDUP(Q15,0) -> 0
A16: Vesieriste | B16: 65 | H16: 1 | I16: =B16*1.8*7.14 -> 835.38 | J16: =H16*I16 -> 835.38 | L16: =B16 -> 65 | M16: 14.04 | N16: =L16*M16 -> 912.6 | O16: Vetonit WP 15l | P16: =B16*1.8 -> 117 | Q16: =P16/15 -> 7.8 | R16: =ROUNDUP(Q16,0) -> 8
N17: =L17*M17 -> 0 | R17: =ROUNDUP(Q17,0) -> 0
A18: Vesieristenauha | B18: 180 | H18: =B18 -> 180 | I18: 0.51 | J18: =H18*I18*1.1 -> 100.98 | L18: =B18 -> 180 | M18: 2.8 | N18: =L18*M18 -> 504 | O18: Vedeneristenauha | P18: =B18 -> 180 | Q18: =P18/40 -> 4.5 | R18: =ROUNDUP(Q18,0) -> 5
N19: =L19*M19 -> 0 | R19: =ROUNDUP(Q19,0) -> 0
A20: Kaivolaippa | B20: 8 | H20: =B20 -> 8 | I20: =10.35 -> 10.35 | J20: =H20*I20 -> 82.8 | L20: =B20 -> 8 | M20: 4.4 | N20: =L20*M20 -> 35.2 | O20: Kaivolaippa | Q20: =B20 -> 8 | R20: =ROUNDUP(Q20,0) -> 8
N21: =L21*M21 -> 0 | R21: =ROUNDUP(Q21,0) -> 0
A22: Läpivientivahvike | B22: 30 | H22: =B22 -> 30 | I22: 10.42 | J22: =H22*I22 -> 312.6 | L22: =B22 -> 30 | M22: 2.8 | N22: =L22*M22 -> 84 | O22: Läpivientivahvike | Q22: =B22 -> 30 | R22: =ROUNDUP(Q22,0) -> 30
A24: Saumalaasti, neliöt | B24: 65 | H24: =B24 -> 65 | I24: 3.17 | J24: =H24*I24 -> 206.05 | L24: =B24 -> 65 | M24: 5.3 | N24: =L24*M24 -> 344.5 | O24: Saumalaasti | P24: =B24/1.5 -> 43.333333 | Q24: =P24/10 -> 4.3333333 | R24: =ROUNDUP(Q24,0) -> 5
A26: Pientarvikkeet € | B26: 500 | I26: =(B27*(D27/100+1)) -> 0 | J26: =B26 -> 500
I28: yht. | J28: =SUM(J7:J26) -> 5092.81 | M28: yht. | N28: =SUM(N7:N27) -> 4350.3
A29: Hinta, materiaalit | B29: =J28/((100-B30)/100) -> 5092.81
A30: Kate-% | B30: 0
A32: Hinta, Työ | B32: =N28*((100+B33)/100) -> 4350.3
A33: Lisä-%
A36: POS-2 | B36: Kuvaus
A37: Laatoitukset | B37: lattian laatoitus
H38: Materiaali | L38: Työ | P38: Menekki
B39: Määrä, m2 | C39: Tuote | D39: Hukka-% | H39: Määrä | I39: Hinta | J39: Yht. | L39: Määrä | M39: Hinta | N39: Yht. | P39: kg | Q39: yksikkö, esim säkki | R39: Pyöristys täyteen
A40: Laatoitus, kuivat tilat | H40: =B40 -> 0 | I40: =(B41*(D41/100+1))+3 -> 3 | J40: =H40*I40 -> 0 | L40: =B40 -> 0 | M40: 38 | N40: =L40*M40 -> 0 | O40: Vetonit Rex Fix | P40: =B40*3 -> 0 | Q40: =P40/20 -> 0 | R40: =ROUNDUP(Q40,0) -> 0
A41: Tuotteen hinta / m2 | D41: 10 | J41: =H41*I41 -> 0 | N41: =L41*M41 -> 0 | R41: =ROUNDUP(Q41,0) -> 0
N42: =L42*M42 -> 0 | R42: =ROUNDUP(Q42,0) -> 0
A43: Laatoitus, kosteat tilat | B43: 17 | H43: =B43 -> 17 | I43: =(B44*(D44/100+1))+3 -> 3 | J43: =H43*I43 -> 51 | L43: =B43 -> 17 | M43: 38 | N43: =L43*M43 -> 646 | O43: Vetonit Rex Fix | P43: =B43*3 -> 51 | Q43: =P43/20 -> 2.55 | R43: =ROUNDUP(Q43,0) -> 3
A44: Tuotteen hinta / m2 | C44: Vakioharmaa, stark | D44: 10 | N44: =L44*M44 -> 0 | R44: =ROUNDUP(Q44,0) -> 0
N45: =L45*M45 -> 0 | R45: =ROUNDUP(Q45,0) -> 0
A46: Laatoitus kosteat tilat, sis. Vesieristys -> sauman pesu | E46: Työn osuus + laatan hinta | H46: =B46 -> 0 | I46: =(B47*(D47/100+1)) -> 0 | J46: =H46*I46 -> 0 | L46: =B46 -> 0 | M46: 75 | N46: =L46*M46 -> 0 | O46: Vetonit Rex Fix | P46: =B46*3 -> 0 | Q46: =P46/20 -> 0 | R46: =ROUNDUP(Q46,0) -> 0
A47: Tuotteen hinta / m2 | D47: 10 | N47: =L47*M47 -> 0 | R47: =ROUNDUP(Q47,0) -> 0
N48: =L48*M48 -> 0 | R48: =ROUNDUP(Q48,0) -> 0
A49: Vesieriste | B49: 17 | H49: 1 | I49: =B49*1.8*7.14 -> 218.484 | J49: =H49*I49 -> 218.484 | L49: =B49 -> 17 | M49: 14.04 | N49: =L49*M49 -> 238.68 | O49: Vetonit WP 15l | P49: =B49*1.8 -> 30.6 | Q49: =P49/15 -> 2.04 | R49: =ROUNDUP(Q49,0) -> 3
N50: =L50*M50 -> 0 | R50: =ROUNDUP(Q50,0) -> 0
A51: Vesieristenauha | H51: =B51 -> 0 | I51: 0.51 | J51: =H51*I51*1.1 -> 0 | L51: =B51 -> 0 | M51: 2.8 | N51: =L51*M51 -> 0 | O51: Vedeneristenauha | P51: =B51 -> 0 | Q51: =P51/40 -> 0 | R51: =ROUNDUP(Q51,0) -> 0
N52: =L52*M52 -> 0 | R52: =ROUNDUP(Q52,0) -> 0
A53: Kaivolaippa | H53: =B53 -> 0 | I53: =10.35 -> 10.35 | J53: =H53*I53 -> 0 | L53: =B53 -> 0 | M53: 4.4 | N53: =L53*M53 -> 0 | O53: Kaivolaippa | Q53: =B53 -> 0 | R53: =ROUNDUP(Q53,0) -> 0
N54: =L54*M54 -> 0 | R54: =ROUNDUP(Q54,0) -> 0
A55: Läpivientivahvike | H55: =B55 -> 0 | I55: 10.42 | J55: =H55*I55 -> 0 | L55: =B55 -> 0 | M55: 2.8 | N55: =L55*M55 -> 0 | O55: Läpivientivahvike | Q55: =B55 -> 0 | R55: =ROUNDUP(Q55,0) -> 0
A57: Saumalaasti, neliöt | B57: 20 | H57: =B57 -> 20 | I57: 3.17 | J57: =H57*I57 -> 63.4 | L57: =B57 -> 20 | M57: 5.3 | N57: =L57*M57 -> 106 | O57: Saumalaasti | P57: =B57/1.5 -> 13.333333 | Q57: =P57/10 -> 1.3333333 | R57: =ROUNDUP(Q57,0) -> 2
A59: Pientarvikkeet € | B59: 350 | I59: =(B60*(D60/100+1)) -> 0 | J59: =B59 -> 350
I61: yht. | J61: =SUM(J40:J59) -> 682.884 | M61: yht. | N61: =SUM(N40:N60) -> 990.68
A62: Hinta, materiaalit | B62: =J61/((100-B63)/100) -> 682.884
A63: Kate-% | B63: 0
A65: Hinta, Työ | B65: =N61*((100+B66)/100) -> 1188.816
A66: Lisä-% | B66: 20
A69: POS-3 | B69: Kuvaus
A70: Laatoitukset | B70: Keittiöiden tausta
H71: Materiaali | L71: Työ | P71: Menekki
B72: Määrä, m2 | C72: Tuote | D72: Hukka-% | H72: Määrä | I72: Hinta | J72: Yht. | L72: Määrä | M72: Hinta | N72: Yht. | P72: kg | Q72: yksikkö, esim säkki | R72: Pyöristys täyteen
A73: Laatoitus, kuivat tilat | H73: =B73 -> 0 | I73: =(B74*(D74/100+1))+3 -> 3 | J73: =H73*I73 -> 0 | L73: =B73 -> 0 | M73: 38 | N73: =L73*M73 -> 0 | O73: Vetonit Rex Fix | P73: =B73*3 -> 0 | Q73: =P73/20 -> 0 | R73: =ROUNDUP(Q73,0) -> 0
A74: Tuotteen hinta / m2 | D74: 10 | J74: =H74*I74 -> 0 | N74: =L74*M74 -> 0 | R74: =ROUNDUP(Q74,0) -> 0
N75: =L75*M75 -> 0 | R75: =ROUNDUP(Q75,0) -> 0
A76: Laatoitus, kosteat tilat | H76: =B76 -> 0 | I76: =(B77*(D77/100+1))+3 -> 3 | J76: =H76*I76 -> 0 | L76: =B76 -> 0 | M76: 38 | N76: =L76*M76 -> 0 | O76: Vetonit Rex Fix | P76: =B76*3 -> 0 | Q76: =P76/20 -> 0 | R76: =ROUNDUP(Q76,0) -> 0
A77: Tuotteen hinta / m2 | D77: 10 | N77: =L77*M77 -> 0 | R77: =ROUNDUP(Q77,0) -> 0
N78: =L78*M78 -> 0 | R78: =ROUNDUP(Q78,0) -> 0
A79: Laatoitus kosteat tilat, sis. Vesieristys -> sauman pesu | E79: Työn osuus + laatan hinta | H79: =B79 -> 0 | I79: =(B80*(D80/100+1)) -> 0 | J79: =H79*I79 -> 0 | L79: =B79 -> 0 | M79: 75 | N79: =L79*M79 -> 0 | O79: Vetonit Rex Fix | P79: =B79*3 -> 0 | Q79: =P79/20 -> 0 | R79: =ROUNDUP(Q79,0) -> 0
A80: Tuotteen hinta / m2 | D80: 10 | N80: =L80*M80 -> 0 | R80: =ROUNDUP(Q80,0) -> 0
N81: =L81*M81 -> 0 | R81: =ROUNDUP(Q81,0) -> 0
A82: Vesieriste | H82: 1 | I82: =B82*1.8*7.14 -> 0 | J82: =H82*I82 -> 0 | L82: =B82 -> 0 | M82: 14.04 | N82: =L82*M82 -> 0 | O82: Vetonit WP 15l | P82: =B82*1.8 -> 0 | Q82: =P82/15 -> 0 | R82: =ROUNDUP(Q82,0) -> 0
N83: =L83*M83 -> 0 | R83: =ROUNDUP(Q83,0) -> 0
A84: Vesieristenauha | H84: =B84 -> 0 | I84: 0.51 | J84: =H84*I84*1.1 -> 0 | L84: =B84 -> 0 | M84: 2.8 | N84: =L84*M84 -> 0 | O84: Vedeneristenauha | P84: =B84 -> 0 | Q84: =P84/40 -> 0 | R84: =ROUNDUP(Q84,0) -> 0
N85: =L85*M85 -> 0 | R85: =ROUNDUP(Q85,0) -> 0
A86: Kaivolaippa | H86: =B86 -> 0 | I86: =10.35 -> 10.35 | J86: =H86*I86 -> 0 | L86: =B86 -> 0 | M86: 4.4 | N86: =L86*M86 -> 0 | O86: Kaivolaippa | Q86: =B86 -> 0 | R86: =ROUNDUP(Q86,0) -> 0
N87: =L87*M87 -> 0 | R87: =ROUNDUP(Q87,0) -> 0
A88: Läpivientivahvike | H88: =B88 -> 0 | I88: 10.42 | J88: =H88*I88 -> 0 | L88: =B88 -> 0 | M88: 2.8 | N88: =L88*M88 -> 0 | O88: Läpivientivahvike | Q88: =B88 -> 0 | R88: =ROUNDUP(Q88,0) -> 0
A90: Saumalaasti, neliöt | H90: =B90 -> 0 | I90: 3.17 | J90: =H90*I90 -> 0 | L90: =B90 -> 0 | M90: 5.3 | N90: =L90*M90 -> 0 | O90: Saumalaasti | P90: =B90/1.5 -> 0 | Q90: =P90/10 -> 0 | R90: =ROUNDUP(Q90,0) -> 0
A92: Pientarvikkeet € | I92: =(B93*(D93/100+1)) -> 0 | J92: =B92 -> 0
I94: yht. | J94: =SUM(J73:J92) -> 0 | M94: yht. | N94: =SUM(N73:N93) -> 0
A95: Hinta, materiaalit | B95: =J94/((100-B96)/100) -> 0
A96: Kate-% | B96: 0
A98: Hinta, Työ | B98: =N94*((100+B99)/100) -> 0
A99: Lisä-% | B99: 0
A102: POS-4 | B102: Kuvaus
A103: Laatoitukset
H104: Materiaali | L104: Työ | P104: Menekki
B105: Määrä, m2 | C105: Tuote | D105: Hukka-% | H105: Määrä | I105: Hinta | J105: Yht. | L105: Määrä | M105: Hinta | N105: Yht. | P105: kg | Q105: yksikkö, esim säkki | R105: Pyöristys täyteen
A106: Laatoitus, kuivat tilat | H106: =B106 -> 0 | I106: =(B107*(D107/100+1))+3 -> 3 | J106: =H106*I106 -> 0 | L106: =B106 -> 0 | M106: 38 | N106: =L106*M106 -> 0 | O106: Vetonit Rex Fix | P106: =B106*3 -> 0 | Q106: =P106/20 -> 0 | R106: =ROUNDUP(Q106,0) -> 0
A107: Tuotteen hinta / m2 | D107: 10 | J107: =H107*I107 -> 0 | N107: =L107*M107 -> 0 | R107: =ROUNDUP(Q107,0) -> 0
N108: =L108*M108 -> 0 | R108: =ROUNDUP(Q108,0) -> 0
A109: Laatoitus, kosteat tilat | H109: =B109 -> 0 | I109: =(B110*(D110/100+1))+3 -> 3 | J109: =H109*I109 -> 0 | L109: =B109 -> 0 | M109: 38 | N109: =L109*M109 -> 0 | O109: Vetonit Rex Fix | P109: =B109*3 -> 0 | Q109: =P109/20 -> 0 | R109: =ROUNDUP(Q109,0) -> 0
A110: Tuotteen hinta / m2 | D110: 10 | N110: =L110*M110 -> 0 | R110: =ROUNDUP(Q110,0) -> 0
N111: =L111*M111 -> 0 | R111: =ROUNDUP(Q111,0) -> 0
A112: Laatoitus kosteat tilat, sis. Vesieristys -> sauman pesu | E112: Työn osuus + laatan hinta | H112: =B112 -> 0 | I112: =(B113*(D113/100+1)) -> 0 | J112: =H112*I112 -> 0 | L112: =B112 -> 0 | M112: 75 | N112: =L112*M112 -> 0 | O112: Vetonit Rex Fix | P112: =B112*3 -> 0 | Q112: =P112/20 -> 0 | R112: =ROUNDUP(Q112,0) -> 0
A113: Tuotteen hinta / m2 | D113: 10 | N113: =L113*M113 -> 0 | R113: =ROUNDUP(Q113,0) -> 0
N114: =L114*M114 -> 0 | R114: =ROUNDUP(Q114,0) -> 0
A115: Vesieriste | H115: 1 | I115: =B115*1.8*7.14 -> 0 | J115: =H115*I115 -> 0 | L115: =B115 -> 0 | M115: 14.04 | N115: =L115*M115 -> 0 | O115: Vetonit WP 15l | P115: =B115*1.8 -> 0 | Q115: =P115/15 -> 0 | R115: =ROUNDUP(Q115,0) -> 0
N116: =L116*M116 -> 0 | R116: =ROUNDUP(Q116,0) -> 0
A117: Vesieristenauha | H117: =B117 -> 0 | I117: 0.51 | J117: =H117*I117*1.1 -> 0 | L117: =B117 -> 0 | M117: 2.8 | N117: =L117*M117 -> 0 | O117: Vedeneristenauha | P117: =B117 -> 0 | Q117: =P117/40 -> 0 | R117: =ROUNDUP(Q117,0) -> 0
N118: =L118*M118 -> 0 | R118: =ROUNDUP(Q118,0) -> 0
A119: Kaivolaippa | H119: =B119 -> 0 | I119: =10.35 -> 10.35 | J119: =H119*I119 -> 0 | L119: =B119 -> 0 | M119: 4.4 | N119: =L119*M119 -> 0 | O119: Kaivolaippa | Q119: =B119 -> 0 | R119: =ROUNDUP(Q119,0) -> 0
...

Sheet Lattiat
A1: Lattia-asennukset
A2: POS-1 | B2: Kuvaus
A3: Lattiamateriaalit | B3: Palamatto | M3: sisältää 80% sos
H4: Materiaali | L4: Työ
B5: Määrä, m2 | C5: Tuote | D5: Hukka-% | H5: Määrä | I5: Hinta | J5: Yht. | L5: Määrä | M5: Hinta | N5: Yht.
A6: Liimakiinnitys | B6: 330 | E6: Vinyyli- ja tekstiilipalamatto | H6: =B6 -> 330 | I6: =(B7*(D7/100+1))+1 -> 39.5 | J6: =H6*I6 -> 13035 | L6: =B6 -> 330 | M6: 4.8 | N6: =L6*M6 -> 1584
A7: Tuotteen hinta / m2 | B7: 35 | D7: 10 | J7: =H7*I7 -> 0 | N7: =L7*M7 -> 0
N8: =L8*M8 -> 0
A9: Tarrakiinnitys | E9: Vinyyli- ja tekstiilipalamatto | H9: =B9 -> 0 | I9: =(B10*(D10/100+1))+1.5 -> 1.5 | J9: =H9*I9 -> 0 | L9: =B9 -> 0 | M9: 6.4 | N9: =L9*M9 -> 0
A10: Tuotteen hinta / m2 | D10: 10 | N10: =L10*M10 -> 0
N11: =L11*M11 -> 0
A12: Pontattu vinyyli | H12: =B12 -> 0 | I12: =(B13*(D13/100+1)) -> 0 | J12: =H12*I12 -> 0 | L12: =B12 -> 0 | M12: 10.8 | N12: =L12*M12 -> 0
A13: Tuotteen hinta / m2 | D13: 10 | N13: =L13*M13 -> 0
N14: =L14*M14 -> 0
A15: Pontattu parketti / laminaatti | H15: =B15 -> 0 | I15: =(B16*(D16/100+1)) -> 0 | J15: =H15*I15 -> 0 | L15: =B15 -> 0 | M15: 16 | N15: =L15*M15 -> 0
A16: Tuotteen hinta | D16: 10 | N16: =L16*M16 -> 0
N17: =L17*M17 -> 0
A18: Alusmaton asennus | H18: =B18 -> 0 | I18: =(B19*(D19/100+1)) -> 0 | J18: =H18*I18*1.1 -> 0 | L18: =B18 -> 0 | M18: 1.5 | N18: =L18*M18 -> 0
A19: Alusmateriaalin hinta | D19: 10 | N19: =L19*M19 -> 0
N20: =L20*M20 -> 0
A21: Laatoitus, kuiva tila | H21: =B21 -> 0 | I21: =(B22*(D22/100+1))+3 -> 3 | J21: =H21*I21 -> 0 | L21: =B21 -> 0 | M21: 38 | N21: =L21*M21 -> 0
A22: Tuotteen hinta | D22: 10 | N22: =L22*M22 -> 0
N23: =L23*M23 -> 0
A24: Lattian maalaus 1-K ja 2-K | E24: Huomioi myös menekki, hinta | H24: 1 | I24: =B25 -> 0 | J24: =H24*I24 -> 0 | L24: =B24 -> 0 | M24: 5.04 | N24: =L24*M24 -> 0
A25: Tuotteen hinta | E25: kohtaan koko tarvittava määrä
A27: Pientarvikkeet € | B27: 350 | I27: =(B28*(D28/100+1)) -> 0 | J27: =B27 -> 350 | N27: =L27*M27 -> 0
L28: =B28 -> 0
I29: yht. | J29: =SUM(J6:J27) -> 13385 | M29: yht. | N29: =SUM(N6:N28) -> 1584
A30: Hinta, materiaalit | B30: =J29/((100-B31)/100) -> 13385
A31: Kate-% | B31: 0
A33: Hinta, Työ | B33: =N29/((100-B34)/100) -> 1980
A34: Lisä-% | B34: 20
H36: Materiaali | L36: Työ
A37: POS-2 | B37: Kuvaus
A38: Lattiamateriaalit | B38: vinyyli
H39: Materiaali | L39: Työ
B40: Määrä, m2 | C40: Tuote | D40: Hukka-% | H40: Määrä | I40: Hinta | J40: Yht. | L40: Määrä | M40: Hinta | N40: Yht.
A41: Liimakiinnitys | E41: Vinyyli- ja tekstiilipalamatto | H41: =B41 -> 0 | I41: =(B42*(D42/100+1))+1 -> 1 | J41: =H41*I41 -> 0 | L41: =B41 -> 0 | M41: 4.8 | N41: =L41*M41 -> 0
A42: Tuotteen hinta / m2 | D42: 10 | J42: =H42*I42 -> 0 | N42: =L42*M42 -> 0
N43: =L43*M43 -> 0
A44: Tarrakiinnitys | E44: Vinyyli- ja tekstiilipalamatto | H44: =B44 -> 0 | I44: =(B45*(D45/100+1))+1.5 -> 1.5 | J44: =H44*I44 -> 0 | L44: =B44 -> 0 | M44: 6.4 | N44: =L44*M44 -> 0
A45: Tuotteen hinta / m2 | D45: 10 | N45: =L45*M45 -> 0
N46: =L46*M46 -> 0
A47: Pontattu vinyyli | B47: 100 | H47: =B47 -> 100 | I47: =(B48*(D48/100+1)) -> 38.5 | J47: =H47*I47 -> 3850 | L47: =B47 -> 100 | M47: 10.8 | N47: =L47*M47 -> 1080
A48: Tuotteen hinta / m2 | B48: 35 | D48: 10 | N48: =L48*M48 -> 0
N49: =L49*M49 -> 0
A50: Pontattu parketti / laminaatti | H50: =B50 -> 0 | I50: =(B51*(D51/100+1)) -> 0 | J50: =H50*I50 -> 0 | L50: =B50 -> 0 | M50: 16 | N50: =L50*M50 -> 0
A51: Tuotteen hinta | D51: 10 | N51: =L51*M51 -> 0
N52: =L52*M52 -> 0
A53: Alusmaton asennus | H53: =B53 -> 0 | I53: =(B54*(D54/100+1)) -> 0 | J53: =H53*I53*1.1 -> 0 | L53: =B53 -> 0 | M53: 1.5 | N53: =L53*M53 -> 0
A54: Alusmateriaalin hinta | D54: 10 | N54: =L54*M54 -> 0
N55: =L55*M55 -> 0
A56: Laatoitus, kuiva tila | H56: =B56 -> 0 | I56: =(B57*(D57/100+1))+3 -> 3 | J56: =H56*I56 -> 0 | L56: =B56 -> 0 | M56: 38 | N56: =L56*M56 -> 0
A57: Tuotteen hinta | D57: 10 | N57: =L57*M57 -> 0
N58: =L58*M58 -> 0
A59: Lattian maalaus 1-K ja 2-K | E59: Huomioi myös menekki, hinta | H59: 1 | I59: =B60 -> 0 | J59: =H59*I59 -> 0 | L59: =B59 -> 0 | M59: 5.04 | N59: =L59*M59 -> 0
A60: Tuotteen hinta | E60: kohtaan koko tarvittava määrä
A62: Pientarvikkeet € | B62: 350 | I62: =(B63*(D63/100+1)) -> 0 | J62: =B62 -> 350 | N62: =L62*M62 -> 0
L63: =B63 -> 0
I64: yht. | J64: =SUM(J41:J62) -> 4200 | M64: yht. | N64: =SUM(N41:N63) -> 1080
A65: Hinta, materiaalit | B65: =J64/((100-B66)/100) -> 4200
A66: Kate-% | B66: 0
A68: Hinta, Työ | B68: =N64/((100-B69)/100) -> 2160
A69: Lisä-% | B69: 50
H71: Materiaali | L71: Työ
A72: POS-3 | B72: Kuvaus
A73: Lattiamateriaalit
H74: Materiaali | L74: Työ
B75: Määrä, m2 | C75: Tuote | D75: Hukka-% | H75: Määrä | I75: Hinta | J75: Yht. | L75: Määrä | M75: Hinta | N75: Yht.
A76: Liimakiinnitys | E76: Vinyyli- ja tekstiilipalamatto | H76: =B76 -> 0 | I76: =(B77*(D77/100+1))+1 -> 1 | J76: =H76*I76 -> 0 | L76: =B76 -> 0 | M76: 4.8 | N76: =L76*M76 -> 0
A77: Tuotteen hinta / m2 | D77: 10 | J77: =H77*I77 -> 0 | N77: =L77*M77 -> 0
N78: =L78*M78 -> 0
A79: Tarrakiinnitys | E79: Vinyyli- ja tekstiilipalamatto | H79: =B79 -> 0 | I79: =(B80*(D80/100+1))+1.5 -> 1.5 | J79: =H79*I79 -> 0 | L79: =B79 -> 0 | M79: 6.4 | N79: =L79*M79 -> 0
A80: Tuotteen hinta / m2 | D80: 10 | N80: =L80*M80 -> 0
N81: =L81*M81 -> 0
A82: Pontattu vinyyli | H82: =B82 -> 0 | I82: =(B83*(D83/100+1)) -> 0 | J82: =H82*I82 -> 0 | L82: =B82 -> 0 | M82: 10.8 | N82: =L82*M82 -> 0
A83: Tuotteen hinta / m2 | D83: 10 | N83: =L83*M83 -> 0
N84: =L84*M84 -> 0
A85: Pontattu parketti / laminaatti | H85: =B85 -> 0 | I85: =(B86*(D86/100+1)) -> 0 | J85: =H85*I85 -> 0 | L85: =B85 -> 0 | M85: 16 | N85: =L85*M85 -> 0
A86: Tuotteen hinta | D86: 10 | N86: =L86*M86 -> 0
N87: =L87*M87 -> 0
A88: Alusmaton asennus | H88: =B88 -> 0 | I88: =(B89*(D89/100+1)) -> 0 | J88: =H88*I88*1.1 -> 0 | L88: =B88 -> 0 | M88: 1.5 | N88: =L88*M88 -> 0
A89: Alusmateriaalin hinta | D89: 10 | N89: =L89*M89 -> 0
N90: =L90*M90 -> 0
A91: Laatoitus, kuiva tila | H91: =B91 -> 0 | I91: =(B92*(D92/100+1))+3 -> 3 | J91: =H91*I91 -> 0 | L91: =B91 -> 0 | M91: 38 | N91: =L91*M91 -> 0
A92: Tuotteen hinta | D92: 10 | N92: =L92*M92 -> 0
N93: =L93*M93 -> 0
A94: Lattian maalaus 1-K ja 2-K | E94: Huomioi myös menekki, hinta | H94: 1 | I94: =B95 -> 0 | J94: =H94*I94 -> 0 | L94: =B94 -> 0 | M94: 5.04 | N94: =L94*M94 -> 0
A95: Tuotteen hinta | E95: kohtaan koko tarvittava määrä
A97: Pientarvikkeet € | I97: =(B98*(D98/100+1)) -> 0 | J97: =B97 -> 0 | N97: =L97*M97 -> 0
L98: =B98 -> 0
I99: yht. | J99: =SUM(J76:J97) -> 0 | M99: yht. | N99: =SUM(N76:N98) -> 0
A100: Hinta, materiaalit | B100: =J99/((100-B101)/100) -> 0
A101: Kate-% | B101: 0
A103: Hinta, Työ | B103: =N99/((100-B104)/100) -> 0
A104: Lisä-% | B104: 0
H106: Materiaali | L106: Työ
A107: POS-4 | B107: Kuvaus
A108: Lattiamateriaalit | B108: L1
H109: Materiaali | L109: Työ
...

Sheet Oviasennukset ja listoitukset
A1: Oviasennukset ja listoitukset
A3: POS-1 | B3: Kuvaus
A4: Oviasennukset ja lisotitukset | B4: Ovet ja listoitukset | L4: sos 80 % huomioitu hinnassa
B5: Jm / kpl | C5: Tuote | G5: Materiaali | K5: Työ
A6: Perus laakaovi + karmit ja kynnys listoitettuna | G6: Määrä | H6: Hinta | I6: Yht. | K6: Määrä | L6: Hinta | M6: Yht.
A7: Tuotteen hinta / m2 | B7: 205 | C7: Stark RAW | G7: =B6 -> 0 | H7: =B7 -> 205 | I7: =G7*H7 -> 0 | K7: =B6 -> 0 | L7: 49.86 | M7: =K7*L7 -> 0
I8: =G8*H8 -> 0 | M8: =K8*L8 -> 0
A9: Märkätila-laakaovi + karmit ja kynnys listoitettuna | M9: =K9*L9 -> 0
A10: Tuotteen hinta / m2 | C10: Swedoo Bath | G10: =B9 -> 0 | H10: =B10 -> 0 | I10: =G10*H10 -> 0 | K10: =B9 -> 0 | L10: 49.86 | M10: =K10*L10 -> 0
M11: =K11*L11 -> 0
A12: ÄE-laakaovi listoitettuna, 25dB (sis. Tiivistykset) | B12: 1 | M12: =K12*L12 -> 0
A13: Tuotteen hinta / m2 | B13: 1200 | C13: pariovi | G13: =B12 -> 1 | H13: =B13 -> 1200 | I13: =G13*H13 -> 1200 | K13: =B12 -> 1 | L13: 61.38 | M13: =K13*L13 -> 61.38
D14: Ovet karmeineen, ilman listoja tai heloja | M14: =K14*L14 -> 0
A15: Raskas ÄE-ovi listoitettuna, 38dB (sis. Tiivistyket) | B15: 17 | D15: Swedoor sound rw 30 dB | E15: =155+38+13 -> 206 | M15: =K15*L15 -> 0
A16: Tuotteen hinta / m2 | B16: 370 | C16: Jeld-wen Fire 810 | D16: Jeld-wen fire 810 Rw 37 dB | E16: 310 | G16: =B15 -> 17 | H16: =B16 -> 370 | I16: =G16*H16 -> 6290 | K16: =B15 -> 17 | L16: 61.38 | M16: =K16*L16 -> 1043.46
D17: Lahden ovi rw 42 dB | E17: 690 | M17: =K17*L17 -> 0
A18: Raska palo-ovi | M18: =K18*L18 -> 0
A19: Tuotteen hinta (syötä tarjoushinta) | G19: =B18 -> 0 | H19: =B19 -> 0 | I19: =G19*H19*1.1 -> 0 | K19: =B18 -> 0 | L19: 423 | M19: =K19*L19 -> 0
M20: =K20*L20 -> 0
A21: Jalkalista | B21: 350 | M21: =K21*L21 -> 0
A22: Tuotteen hinta | B22: 1.38 | C22: 12x42x3600 valk. Mänty | G22: =B21 -> 350 | H22: =B22 -> 1.38 | I22: =G22*H22 -> 483 | K22: =B21 -> 350 | L22: 2.5 | M22: =K22*L22 -> 875
M23: =K23*L23 -> 0
A24: Listoitus yleensä | B24: 100 | M24: =K24*L24 -> 0
A25: Tuotteen hinta | B25: 1.5 | G25: =B24 -> 100 | H25: =B25 -> 1.5 | I25: =G25*H25 -> 150 | K25: =B24 -> 100 | L25: 2.5 | M25: =K25*L25 -> 250
A27: Pientarvikkeet € | B27: 350
H28: =B27 -> 350 | I28: =B27 -> 350 | M28: =K28*L28 -> 0
K29: =B28 -> 0
A30: Hinta, materiaalit | B30: =I30/((100-B31)/100) -> 9414.4444 | C30: huomioitu kv-varausten työstöt | H30: yht. | I30: =SUM(I7:I28) -> 8473 | L30: yht. | M30: =SUM(M7:M29) -> 2229.84
A31: Kate-% | B31: 10
A33: Hinta, Työ | B33: =M30/((100-B34)/100) -> 2229.84
A34: Lisä-% | B34: 0
A37: POS-2 | B37: Kuvaus
A38: Oviasennukset ja lisotitukset | B38: pariovi
B39: Jm / kpl | C39: Tuote | G39: Materiaali | K39: Työ
A40: Perus laakaovi + karmit ja kynnys listoitettuna | G40: Määrä | H40: Hinta | I40: Yht. | K40: Määrä | L40: Hinta | M40: Yht.
A41: Tuotteen hinta / m2 | C41: Stark RAW | G41: =B40 -> 0 | H41: =B41 -> 0 | I41: =G41*H41 -> 0 | K41: =B40 -> 0 | L41: 49.86 | M41: =K41*L41 -> 0
I42: =G42*H42 -> 0 | M42: =K42*L42 -> 0
A43: Märkätila-laakaovi + karmit ja kynnys listoitettuna | M43: =K43*L43 -> 0
A44: Tuotteen hinta / m2 | C44: Swedoo Bath | G44: =B43 -> 0 | H44: =B44 -> 0 | I44: =G44*H44 -> 0 | K44: =B43 -> 0 | L44: 49.86 | M44: =K44*L44 -> 0
M45: =K45*L45 -> 0
A46: ÄE-laakaovi listoitettuna, 25dB (sis. Tiivistykset) | M46: =K46*L46 -> 0
A47: Tuotteen hinta / m2 | C47: Jeld-wen Sound 210 | G47: =B46 -> 0 | H47: =B47 -> 0 | I47: =G47*H47 -> 0 | K47: =B46 -> 0 | L47: 61.38 | M47: =K47*L47 -> 0
M48: =K48*L48 -> 0
A49: Raskas ÄE-ovi listoitettuna, 38dB (sis. Tiivistyket) | M49: =K49*L49 -> 0
A50: Tuotteen hinta / m2 | C50: Jeld-wen Fire 810 | G50: =B49 -> 0 | H50: =B50 -> 0 | I50: =G50*H50 -> 0 | K50: =B49 -> 0 | L50: 61.38 | M50: =K50*L50 -> 0
M51: =K51*L51 -> 0
A52: Raska palo-ovi | M52: =K52*L52 -> 0
A53: Tuotteen hinta (syötä tarjoushinta) | G53: =B52 -> 0 | H53: =B53 -> 0 | I53: =G53*H53*1.1 -> 0 | K53: =B52 -> 0 | L53: 423 | M53: =K53*L53 -> 0
M54: =K54*L54 -> 0
A55: Jalkalista | M55: =K55*L55 -> 0
A56: Tuotteen hinta | C56: 12x42x3600 valk. Mänty | G56: =B55 -> 0 | H56: =B56 -> 0 | I56: =G56*H56 -> 0 | K56: =B55 -> 0 | L56: 2.5 | M56: =K56*L56 -> 0
M57: =K57*L57 -> 0
A58: Listoitus yleensä | M58: =K58*L58 -> 0
A59: Tuotteen hinta | G59: =B58 -> 0 | H59: =B59 -> 0 | I59: =G59*H59 -> 0 | K59: =B58 -> 0 | L59: 2.5 | M59: =K59*L59 -> 0
A61: Pientarvikkeet €
H62: =B61 -> 0 | I62: =B61 -> 0 | M62: =K62*L62 -> 0
K63: =B62 -> 0
A64: Hinta, materiaalit | B64: =I64/((100-B65)/100) -> 0 | H64: yht. | I64: =SUM(I41:I62) -> 0 | L64: yht. | M64: =SUM(M41:M63) -> 0
A65: Kate-% | B65: 0
A67: Hinta, Työ | B67: =M64/((100-B68)/100) -> 0
A68: Lisä-% | B68: 0
A71: POS-3 | B71: Kuvaus
A72: Oviasennukset ja lisotitukset
B73: Jm / kpl | C73: Tuote | G73: Materiaali | K73: Työ
A74: Perus laakaovi + karmit ja kynnys listoitettuna | G74: Määrä | H74: Hinta | I74: Yht. | K74: Määrä | L74: Hinta | M74: Yht.
A75: Tuotteen hinta / m2 | C75: Stark RAW | G75: =B74 -> 0 | H75: =B75 -> 0 | I75: =G75*H75 -> 0 | K75: =B74 -> 0 | L75: 49.86 | M75: =K75*L75 -> 0
I76: =G76*H76 -> 0 | M76: =K76*L76 -> 0
A77: Märkätila-laakaovi + karmit ja kynnys listoitettuna | M77: =K77*L77 -> 0
A78: Tuotteen hinta / m2 | C78: Swedoo Bath | G78: =B77 -> 0 | H78: =B78 -> 0 | I78: =G78*H78 -> 0 | K78: =B77 -> 0 | L78: 49.86 | M78: =K78*L78 -> 0
M79: =K79*L79 -> 0
A80: ÄE-laakaovi listoitettuna, 25dB (sis. Tiivistykset) | M80: =K80*L80 -> 0
A81: Tuotteen hinta / m2 | C81: Jeld-wen Sound 210 | G81: =B80 -> 0 | H81: =B81 -> 0 | I81: =G81*H81 -> 0 | K81: =B80 -> 0 | L81: 61.38 | M81: =K81*L81 -> 0
M82: =K82*L82 -> 0
A83: Raskas ÄE-ovi listoitettuna, 38dB (sis. Tiivistyket) | M83: =K83*L83 -> 0
A84: Tuotteen hinta / m2 | C84: Jeld-wen Fire 810 | G84: =B83 -> 0 | H84: =B84 -> 0 | I84: =G84*H84 -> 0 | K84: =B83 -> 0 | L84: 61.38 | M84: =K84*L84 -> 0
M85: =K85*L85 -> 0
A86: Raska palo-ovi | M86: =K86*L86 -> 0
A87: Tuotteen hinta (syötä tarjoushinta) | G87: =B86 -> 0 | H87: =B87 -> 0 | I87: =G87*H87*1.1 -> 0 | K87: =B86 -> 0 | L87: 423 | M87: =K87*L87 -> 0
M88: =K88*L88 -> 0
A89: Jalkalista | M89: =K89*L89 -> 0
A90: Tuotteen hinta | C90: 12x42x3600 valk. Mänty | G90: =B89 -> 0 | H90: =B90 -> 0 | I90: =G90*H90 -> 0 | K90: =B89 -> 0 | L90: 2.5 | M90: =K90*L90 -> 0
M91: =K91*L91 -> 0
A92: Listoitus yleensä | M92: =K92*L92 -> 0
A93: Tuotteen hinta | G93: =B92 -> 0 | H93: =B93 -> 0 | I93: =G93*H93 -> 0 | K93: =B92 -> 0 | L93: 2.5 | M93: =K93*L93 -> 0
A95: Pientarvikkeet €
H96: =B95 -> 0 | I96: =B95 -> 0 | M96: =K96*L96 -> 0
K97: =B96 -> 0
A98: Hinta, materiaalit | B98: =I98/((100-B99)/100) -> 0 | H98: yht. | I98: =SUM(I75:I96) -> 0 | L98: yht. | M98: =SUM(M75:M97) -> 0
A99: Kate-% | B99: 0
A101: Hinta, Työ | B101: =M98/((100-B102)/100) -> 0
A102: Lisä-% | B102: 0
A105: POS-4 | B105: Kuvaus
A106: Oviasennukset ja lisotitukset
B107: Jm / kpl | C107: Tuote | G107: Materiaali | K107: Työ
A108: Perus laakaovi + karmit ja kynnys listoitettuna | G108: Määrä | H108: Hinta | I108: Yht. | K108: Määrä | L108: Hinta | M108: Yht.
A109: Tuotteen hinta / m2 | C109: Stark RAW | G109: =B108 -> 0 | H109: =B109 -> 0 | I109: =G109*H109 -> 0 | K109: =B108 -> 0 | L109: 49.86 | M109: =K109*L109 -> 0
I110: =G110*H110 -> 0 | M110: =K110*L110 -> 0
A111: Märkätila-laakaovi + karmit ja kynnys listoitettuna | M111: =K111*L111 -> 0
A112: Tuotteen hinta / m2 | C112: Swedoo Bath | G112: =B111 -> 0 | H112: =B112 -> 0 | I112: =G112*H112 -> 0 | K112: =B111 -> 0 | L112: 49.86 | M112: =K112*L112 -> 0
M113: =K113*L113 -> 0
...

Sheet Erillishankinnat
A1: Erillishankinnat
A3: POS-1 | B3: Kuvaus | C3: Hinta / Tarjous | D3: Urakoitsija / Toimittaja | E3: Tarjous nro.
A4: 1 | B4: Lasielementit | C4: =48*210 -> 10080 | H4: =A4 -> 1 | I4: =C4 -> 10080
B5: Kate-% | C5: 12 | H5: =A9 -> 2 | I5: =C9 -> 10000
B6: Kate-osuus | C6: =C4/((100-C5)/100)-C4 -> 1374.5455 | H6: =A14 -> 3 | I6: =C14 -> 5600
B7: Yht. | C7: =C4+C6 -> 11454.545 | H7: =A19 -> 4 | I7: =C19 -> 0
I8: =C24 -> 0
A9: 2 | B9: Yleissiivoukset ja loppusiivous | C9: 10000 | I9: =C29 -> 0
B10: Kate-% | C10: 12 | I10: =C34 -> 0
B11: Kate-osuus | C11: =C9/((100-C10)/100)-C9 -> 1363.6364 | I11: =C39 -> 0
B12: Yht. | C12: =C9+C11 -> 11363.636
A14: 3 | B14: 2 kpl aluprofiiliovet hissiaulaan | C14: =2800*2 -> 5600
B15: Kate-% | C15: 12
B16: Kate-osuus | C16: =C14/((100-C15)/100)-C14 -> 763.63636
B17: Yht. | C17: =C14+C16 -> 6363.6364
A19: 4
B20: Kate-% | C20: 12
B21: Kate-osuus | C21: =C19/((100-C20)/100)-C19 -> 0
B22: Yht. | C22: =C19+C21 -> 0
A24: 5
B25: Kate-% | C25: 8
B26: Kate-osuus | C26: =C24/((100-C25)/100)-C24 -> 0
B27: Yht. | C27: =C24+C26 -> 0
A29: 6
B30: Kate-% | C30: 18
B31: Kate-osuus | C31: =C29/((100-C30)/100)-C29 -> 0
B32: Yht. | C32: =C29+C31 -> 0
A34: 7
B35: Kate-% | C35: 18
B36: Kate-osuus | C36: =C34/((100-C35)/100)-C34 -> 0
B37: Yht. | C37: =C34+C36 -> 0
A39: 8
B40: Kate-% | C40: 18
B41: Kate-osuus | C41: =C39/((100-C40)/100)-C39 -> 0
B42: Yht. | C42: =C39+C41 -> 0
A44: 9
B45: Kate-% | C45: 18
B46: Kate-osuus | C46: =C44/((100-C45)/100)-C44 -> 0
B47: Yht. | C47: =C44+C46 -> 0
A49: 10
B50: Kate-% | C50: 18
B51: Kate-osuus | C51: =C49/((100-C50)/100)-C49 -> 0
B52: Yht. | C52: =C49+C51 -> 0
A54: 11
B55: Kate-% | C55: 18
B56: Kate-osuus | C56: =C54/((100-C55)/100)-C54 -> 0
B57: Yht. | C57: =C54+C56 -> 0
A59: 12
B60: Kate-% | C60: 18
B61: Kate-osuus | C61: =C59/((100-C60)/100)-C59 -> 0
B62: Yht. | C62: =C59+C61 -> 0
A64: 13
B65: Kate-% | C65: 18
B66: Kate-osuus | C66: =C64/((100-C65)/100)-C64 -> 0
B67: Yht. | C67: =C64+C66 -> 0
A69: 14
B70: Kate-% | C70: 18
B71: Kate-osuus | C71: =C69/((100-C70)/100)-C69 -> 0
B72: Yht. | C72: =C69+C71 -> 0
A74: 15
B75: Kate-% | C75: 18
B76: Kate-osuus | C76: =C74/((100-C75)/100)-C74 -> 0
B77: Yht. | C77: =C74+C76 -> 0

Sheet Eritelysivu
A1: Urakka | B1: Tekniikantie 4 2. krs.
A2: Tilaaja | B2: =Koontisivu!A12 -> 0
G4: Syötä hinnoitteluhinta tuntiarviota varten
A5: Koonti | F5: Hinnoitteluhinta n. | G5: 42
A7: Tuntihinnoittelut | B7: Hinta | C7: =Tuntihinnoittelut!C39 -> 12432 | E7: Väliseinät | F7: Materiaali | G7: Työ
B8: Tunnit | C8: =Tuntihinnoittelut!C37 -> 296 | E8: POS-1 | F8: ='Väliseinät sisällä'!C37 -> 12886.144 | G8: ='Väliseinät sisällä'!C40 -> 13835.6
B9: %-osuus urakasta | C9: =C7/B120 -> 0.23318407 | E9: POS-2 | F9: ='Väliseinät sisällä'!C82 -> 0 | G9: ='Väliseinät sisällä'!C85 -> 0
A10: Materiaalit | B10: Hinta | C10: =Materiaalihinnoittelut!F327 -> 4668 | E10: POS-3 | F10: ='Väliseinät sisällä'!C126 -> 0 | G10: ='Väliseinät sisällä'!C129 -> 0
A11: Kate-% | C11: 15 | E11: POS-4 | F11: ='Väliseinät sisällä'!C169 -> 0 | G11: ='Väliseinät sisällä'!C172 -> 0
A12: Kate-osuus | C12: =(C10/((100-C11)/100))-C10 -> 823.76471 | E12: POS-5 | F12: ='Väliseinät sisällä'!C212 -> 0 | G12: ='Väliseinät sisällä'!C215 -> 0
E13: POS-6 | F13: ='Väliseinät sisällä'!C255 -> 0 | G13: ='Väliseinät sisällä'!C258 -> 0
A14: Hinta, materiaalit | C14: =C10+C12 -> 5491.7647 | E14: POS-7 | F14: ='Väliseinät sisällä'!C298 -> 0 | G14: ='Väliseinät sisällä'!C301 -> 0
E15: POS-8 | F15: ='Väliseinät sisällä'!C341 -> 0 | G15: ='Väliseinät sisällä'!C344 -> 0
A17: Purkutyöt | B17: Materiaali | C17: Työ
A18: POS-1 | C18: =Purkutyöt!C7 -> 0
A19: POS-2 | B19: =Purkutyöt!C38 -> 4330 | C19: =Purkutyöt!C36 -> 1680
A21: Yhteensö | B21: =SUM(B18:B19) -> 4330 | C21: =SUM(C18:C20) -> 1680 | E21: Yhteensä | F21: =SUM(F8:F16) -> 12886.144 | G21: =SUM(G8:G16) -> 13835.6
A22: Kate-% | B22: 20 | C22: 15 | E22: Kate-% | F22: 20 | G22: 15
A23: Kate-osuus | B23: =(B21/((100-B22)/100))-B21 -> 1082.5 | C23: =(C21/((100-C22)/100))-C21 -> 296.47059 | E23: Kate-osuus | F23: =F21/((100-F22)/100)-F21 -> 3221.536 | G23: =G21/((100-G22)/100)-G21 -> 2441.5765
A25: Hinta, purkutyöt | B25: =B21+B23 -> 5412.5 | C25: =C21+C23 -> 1976.4706 | E25: Hinta, väliseinät | F25: =F21+F23 -> 16107.68 | G25: =G21+G23 -> 16277.176
A26: %-osuus urakasta | C26: =C25/B120 -> 0.037072189 | E26: %-osuus urakasta | G26: =G21/B120 -> 0.25951106
A27: Purkutyöt, tunnit | C27: =C25/G5 -> 47.058824 | E27: Väliseinät tunnit | G27: =G25/G5 -> 387.55182
A30: Maalaukset | B30: Materiaali | C30: Työ | E30: Alakatot | F30: Materiaali | G30: Työ
A31: POS-1 | B31: =Maalaukset!B27 -> 4505.0889 | C31: =Maalaukset!B30 -> 8239.8 | E31: POS-1 | F31: =Alakatot!B26 -> 5516 | G31: =Alakatot!B29 -> 2850
A32: POS-2 | B32: =Maalaukset!B60 -> 801.16 | C32: =Maalaukset!B63 -> 267.75 | E32: POS-2 | F32: =Alakatot!B56 -> 2345 | G32: =Alakatot!B59 -> 2100
A33: POS-3 | B33: =Maalaukset!B93 -> 0 | C33: =Maalaukset!B96 -> 0 | E33: POS-3 | F33: =Alakatot!B86 -> 0 | G33: =Alakatot!B89 -> 0
A34: POS-4 | B34: =Maalaukset!B126 -> 0 | C34: =Maalaukset!B129 -> 0 | E34: POS-4 | F34: =Alakatot!B116 -> 0 | G34: =Alakatot!B119 -> 0
A35: POS-5 | B35: =Maalaukset!B159 -> 0 | C35: =Maalaukset!B162 -> 0 | E35: POS-5 | F35: =Alakatot!B146 -> 0 | G35: =Alakatot!B149 -> 0
A36: POS-6 | B36: =Maalaukset!B192 -> 0 | C36: =Maalaukset!B195 -> 0 | E36: POS-6 | F36: =Alakatot!B176 -> 0 | G36: =Alakatot!B179 -> 0
A37: POS-7 | B37: =Maalaukset!B225 -> 0 | C37: =Maalaukset!B228 -> 0 | E37: POS-7 | F37: =Alakatot!B206 -> 0 | G37: =Alakatot!B209 -> 0
A38: POS-8 | B38: =Maalaukset!B258 -> 0 | C38: =Maalaukset!B261 -> 0 | E38: POS-8 | F38: =Alakatot!B236 -> 0 | G38: =Alakatot!B239 -> 0
A39: POS-9 | B39: =Maalaukset!B291 -> 0 | C39: =Maalaukset!B294 -> 0
A40: POS-10 | B40: =Maalaukset!B324 -> 0 | C40: =Maalaukset!B327 -> 0 | E40: Yhteensä | F40: =SUM(F31:F39) -> 7861 | G40: =SUM(G31:G39) -> 4950
A41: POS-11 | B41: =Maalaukset!B357 -> 0 | C41: =Maalaukset!B360 -> 0 | E41: Kate-% | F41: 20 | G41: 15
A42: POS-12 | B42: =Maalaukset!B390 -> 0 | C42: =Maalaukset!B393 -> 0 | E42: Kate-osuus | F42: =F40/((100-F41)/100)-F40 -> 1965.25 | G42: =G40/((100-G41)/100)-G40 -> 873.52941
A44: Yhteensä | B44: =SUM(B31:B43) -> 5306.2489 | C44: =SUM(C31:C43) -> 8507.55 | E44: Hinta, alakatot | F44: =F40+F42 -> 9826.25 | G44: =G40+G42 -> 5823.5294
A45: Kate-% | B45: 20 | C45: 15 | E45: %-osuus urakasta | G45: =G40/B120 -> 0.092845972
A46: Kate-osuus | B46: =B44/((100-B45)/100)-B44 -> 1326.5622 | C46: =C44/((100-C45)/100)-C44 -> 1501.3324 | E46: Alakatot, tunnit | G46: =G44/G5 -> 138.65546
A48: Hinta, Maalaukset | B48: =B44+B46 -> 6632.8111 | C48: =C44+C46 -> 10008.882
A49: %-osuus urakasta | C49: =C44/B120 -> 0.15957409
A50: Maalaus, tunnit | C50: =C48/G5 -> 238.30672
A60: Lattiat | B60: Materiaali | C60: Työ | E60: Ovet ja listoitukset | F60: Materiaali | G60: Työ
A61: POS-1 | B61: =Lattiat!B30 -> 13385 | C61: =Lattiat!B33 -> 1980 | E61: POS-1 | F61: ='Oviasennukset ja listoitukset'!B30 -> 9414.4444 | G61: ='Oviasennukset ja listoitukset'!B33 -> 2229.84
A62: POS-2 | B62: =Lattiat!B65 -> 4200 | C62: =Lattiat!B68 -> 2160 | E62: POS-2 | F62: ='Oviasennukset ja listoitukset'!B64 -> 0 | G62: ='Oviasennukset ja listoitukset'!B67 -> 0
A63: POS-3 | B63: =Lattiat!B100 -> 0 | C63: =Lattiat!B103 -> 0 | E63: POS-3 | F63: ='Oviasennukset ja listoitukset'!B98 -> 0 | G63: ='Oviasennukset ja listoitukset'!B101 -> 0
A64: POS-4 | B64: =Lattiat!B135 -> 0 | C64: =Lattiat!B138 -> 0 | E64: POS-4 | F64: ='Oviasennukset ja listoitukset'!B132 -> 0 | G64: ='Oviasennukset ja listoitukset'!B135 -> 0
A65: POS-5 | B65: =Lattiat!B170 -> 0 | C65: =Lattiat!B173 -> 0 | E65: POS-5 | F65: ='Oviasennukset ja listoitukset'!B166 -> 0 | G65: ='Oviasennukset ja listoitukset'!B169 -> 0
A66: POS-6 | B66: =Lattiat!B205 -> 0 | C66: =Lattiat!B208 -> 0 | E66: POS-6 | F66: ='Oviasennukset ja listoitukset'!B200 -> 0 | G66: ='Oviasennukset ja listoitukset'!B203 -> 0
A67: POS-7 | B67: =Lattiat!B240 -> 0 | C67: =Lattiat!B243 -> 0 | E67: POS-7 | F67: ='Oviasennukset ja listoitukset'!B234 -> 0 | G67: ='Oviasennukset ja listoitukset'!B237 -> 0
A68: POS-8 | B68: =Lattiat!B275 -> 0 | C68: =Lattiat!B278 -> 0 | E68: POS-8 | F68: ='Oviasennukset ja listoitukset'!B268 -> 0 | G68: ='Oviasennukset ja listoitukset'!B271 -> 0
A70: Yhteensä | B70: =SUM(B61:B69) -> 17585 | C70: =SUM(C61:C69) -> 4140 | E70: Yhteensä | F70: =SUM(F61:F69) -> 9414.4444 | G70: =SUM(G61:G69) -> 2229.84
A71: Kate-% | B71: 20 | C71: 15 | E71: Kate-% | F71: 20 | G71: 15
A72: Kate-osuus | B72: =B70/((100-B71)/100)-B70 -> 4396.25 | C72: =C70/((100-C71)/100)-C70 -> 730.58824 | E72: Kate-osuus | F72: =F70/((100-F71)/100)-F70 -> 2353.6111 | G72: =G70/((100-G71)/100)-G70 -> 393.50118
A74: Hinta, lattiat | B74: =B70+B72 -> 21981.25 | C74: =C70+C72 -> 4870.5882 | E74: Hinta, ovet + listat | F74: =F70+F72 -> 11768.056 | G74: =G70+G72 -> 2623.3412
A75: %-osuus urakasta | C75: =C70/B120 -> 0.077652995 | E75: %-osuus urakasta | G75: =G70/B120 -> 0.041824578
A76: Lattiat, tunnit | C76: =C74/G5 -> 115.96639 | E76: Ovet + listat, tunnit | G76: =G74/G5 -> 62.460504
A78: Laatoitukset | B78: Materiaalit | C78: Työ | E78: Tunnit yhteensä | F78: =C96+G76+C76+G46+C50+G27+C27+C8 -> 1441.157
A79: POS-1 | B79: =Laatoitukset!B29 -> 5092.81 | C79: =Laatoitukset!B32 -> 4350.3
A80: POS-2 | B80: =Laatoitukset!B62 -> 682.884 | C80: =Laatoitukset!B65 -> 1188.816
A81: POS-3 | B81: =Laatoitukset!B95 -> 0 | C81: =Laatoitukset!B98 -> 0
A82: POS-4 | B82: =Laatoitukset!B128 -> 0 | C82: =Laatoitukset!B131 -> 0
A83: POS-5 | B83: =Laatoitukset!B161 -> 0 | C83: =Laatoitukset!B164 -> 0
A84: POS-6 | B84: =Laatoitukset!B194 -> 0 | C84: =Laatoitukset!B197 -> 0
A85: POS-7 | B85: =Laatoitukset!B227 -> 0 | C85: =Laatoitukset!B230 -> 0
A86: POS-8 | B86: =Laatoitukset!B260 -> 0 | C86: =Laatoitukset!B263 -> 0
A87: POS-9 | B87: =Laatoitukset!B293 -> 0 | C87: =Laatoitukset!B296 -> 0
A88: POS-10 | B88: =Laatoitukset!B326 -> 0 | C88: =Laatoitukset!B329 -> 0
A90: Yhteensä | B90: =SUM(B79:B89) -> 5775.694 | C90: =SUM(C79:C89) -> 5539.116
A91: Kate-% | B91: 20 | C91: 15
A92: Kate-osuus | B92: =B90/((100-B91)/100)-B90 -> 1443.9235 | C92: =C90/((100-C91)/100)-C90 -> 977.49106
A94: Hinta, lattiat | B94: =B90+B92 -> 7219.6175 | C94: =C90+C92 -> 6516.6071
A95: %-osuus urakasta | C95: =C90/B120 -> 0.10389588
A96: Laatoitus, tunnit | C96: =C94/G5 -> 155.15731
A98: Erillishankinnat | B98: Hinta | C98: Toimittaja / urakoitsija | E98: Toimitus
A99: POS-1 | B99: =Erillishankinnat!C7 -> 11454.545 | C99: =Erillishankinnat!D4 -> 0 | E99: =Erillishankinnat!B4 -> Lasielementit
A100: POS-2 | B100: =Erillishankinnat!C12 -> 11363.636 | C100: =Erillishankinnat!D9 -> 0 | E100: =Erillishankinnat!B9 -> Yleissiivoukset ja loppusiivous
A101: POS-3 | B101: =Erillishankinnat!C17 -> 6363.6364 | C101: =Erillishankinnat!D14 -> 0 | E101: =Erillishankinnat!B14 -> 2 kpl aluprofiiliovet hissiaulaan
A102: POS-4 | B102: =Erillishankinnat!C22 -> 0 | C102: =Erillishankinnat!D19 -> 0 | E102: =Erillishankinnat!B19 -> 0
A103: POS-5 | B103: =Erillishankinnat!C27 -> 0 | C103: =Erillishankinnat!D24 -> 0 | E103: =Erillishankinnat!B24 -> 0
A104: POS-6 | B104: =Erillishankinnat!C32 -> 0 | C104: =Erillishankinnat!D29 -> 0 | E104: =Erillishankinnat!B29 -> 0
A105: POS-7 | B105: =Erillishankinnat!C37 -> 0 | C105: =Erillishankinnat!D34 -> 0 | E105: =Erillishankinnat!B34 -> 0
A106: POS-8 | B106: =Erillishankinnat!C42 -> 0 | C106: =Erillishankinnat!D39 -> 0 | E106: =Erillishankinnat!B39 -> 0
A107: POS-9 | B107: =Erillishankinnat!C47 -> 0 | C107: =Erillishankinnat!D44 -> 0 | E107: =Erillishankinnat!B44 -> 0
A108: POS-10 | B108: =Erillishankinnat!C52 -> 0 | C108: =Erillishankinnat!D49 -> 0 | E108: =Erillishankinnat!B49 -> 0
A109: POS-11 | B109: =Erillishankinnat!C57 -> 0 | C109: =Erillishankinnat!D54 -> 0 | E109: =Erillishankinnat!B54 -> 0
A110: POS-12 | B110: =Erillishankinnat!C62 -> 0 | C110: =Erillishankinnat!C59 -> 0 | E110: =Erillishankinnat!B59 -> 0
A111: POS-13 | B111: =Erillishankinnat!C67 -> 0 | C111: =Erillishankinnat!C64 -> 0 | E111: =Erillishankinnat!B64 -> 0
A112: POS-14 | B112: =Erillishankinnat!C72 -> 0 | C112: =Erillishankinnat!C69 -> 0 | E112: =Erillishankinnat!B69 -> 0
A113: POS-15 | B113: =Erillishankinnat!C77 -> 0 | C113: =Erillishankinnat!C74 -> 0 | E113: =Erillishankinnat!B74 -> 0
A115: Erillishank. Yht. | B115: =SUM(B99:B114) -> 29181.818
A118: Urakan hinnat
A119: Omakustannehinta | B119: Työt | C119: Materiaalit | E119: Erillishankinnat
B120: =C7+C21+G21+C44+G40+C70+G70+C90 -> 53314.106 | C120: =C10+B21+F21+B44+F40+B70+F70+B90 -> 67826.531 | E120: =Erillishankinnat!C4+Erillishankinnat!C9+Erillishankinnat!C14+Erillishankinnat!C19+Erillishankinnat!C24+Erillishankinnat!C29+Erillishankinnat!C34+Erillishankinnat!C39+Erillishankinnat!C44+Erillishankinnat!C49+Erillishankinnat!C54+Erillishankinnat!C59+Erillishankinnat!C64+Erillishankinnat!C69+Erillishankinnat!C74 -> 25680
A122: Yhteensä | B122: =B120+C120+E120 -> 146820.64
A124: Kate-osuus | B124: Työ | C124: Materiaalit | E124: Erillishankinnat
B125: =C23+G23+C46+G42+C72+G72+C92 -> 7214.4893 | C125: =C12+B23+F23+B46+F42+B72+F72+B92 -> 16613.398 | E125: =Erillishankinnat!C6+Erillishankinnat!C11+Erillishankinnat!C16+Erillishankinnat!C21+Erillishankinnat!C26+Erillishankinnat!C31+Erillishankinnat!C36+Erillishankinnat!C41+Erillishankinnat!C46+Erillishankinnat!C51+Erillishankinnat!C56+Erillishankinnat!C61+Erillishankinnat!C66+Erillishankinnat!C71+Erillishankinnat!C76 -> 3501.8182
A127: Kate-osuus yht. | B127: =B125+C125+E125 -> 27329.705
A129: Urakan hinta yht. | B129: =B122+B127 -> 174150.34
A131: Kate-% | B131: =(B129/B122-1)*100 -> 18.614348

Sheet Koontisivu
A3: TARJOUS
A5: Erittelyssä esitetyt hinnat alv. 0 % ilman eri mainintaa
A7: Tekniikantie 4, 2. kerros
A8: Espoo
A16: Rakennustyöt | C16: Hinta
A18: Työt | C18: =Eritelysivu!C7+Eritelysivu!C25+Eritelysivu!G25+Eritelysivu!C48+Eritelysivu!G44+Eritelysivu!C74+Eritelysivu!G74+Eritelysivu!C94 -> 60528.595
A19: Materiaalit | C19: =Eritelysivu!C14+Eritelysivu!B25+Eritelysivu!F25+Eritelysivu!B48+Eritelysivu!F44+Eritelysivu!B74+Eritelysivu!F74+Eritelysivu!B94 -> 84439.929
A21: Yhteensä | C21: =SUM(C18:C20) -> 144968.52
A23: Erillishankinnat | C23: Hinta | D23: Selite
A24: =Eritelysivu!C99 -> 0 | C24: =Eritelysivu!B99 -> 11454.545 | D24: =Eritelysivu!E99 -> Lasielementit
A25: =Eritelysivu!C100 -> 0 | C25: =Eritelysivu!B100 -> 11363.636 | D25: =Eritelysivu!E100 -> Yleissiivoukset ja loppusiivous
A26: =Eritelysivu!C101 -> 0 | C26: =Eritelysivu!B101 -> 6363.6364 | D26: =Eritelysivu!E101 -> 2 kpl aluprofiiliovet hissiaulaan
A27: =Eritelysivu!C102 -> 0 | C27: =Eritelysivu!B102 -> 0 | D27: =Eritelysivu!E102 -> 0
A28: =Eritelysivu!C103 -> 0 | C28: =Eritelysivu!B103 -> 0 | D28: =Eritelysivu!E103 -> 0
A29: =Eritelysivu!C104 -> 0 | C29: =Eritelysivu!B104 -> 0 | D29: =Eritelysivu!E104 -> 0
A30: =Eritelysivu!C105 -> 0 | C30: =Eritelysivu!B105 -> 0 | D30: =Eritelysivu!E105 -> 0
A31: =Eritelysivu!C106 -> 0 | C31: =Eritelysivu!B106 -> 0 | D31: =Eritelysivu!E106 -> 0
A32: =Eritelysivu!C107 -> 0 | C32: =Eritelysivu!B107 -> 0 | D32: =Eritelysivu!E107 -> 0
A33: =Eritelysivu!C108 -> 0 | C33: =Eritelysivu!B108 -> 0 | D33: =Eritelysivu!E108 -> 0
A34: =Eritelysivu!C109 -> 0 | C34: =Eritelysivu!B109 -> 0 | D34: =Eritelysivu!E109 -> 0
A35: =Eritelysivu!C110 -> 0 | C35: =Eritelysivu!B110 -> 0 | D35: =Eritelysivu!E110 -> 0
... A38: =Eritelysivu!C113 -> 0 | C38: =Eritelysivu!B113 -> 0 | D38: =Eritelysivu!E113 -> 0
A39: Erillishankinnat yhteensä | C39: =SUM(C24:C38) -> 29181.818
A41: Tarjous yhteensä | C41: =C21+C39 -> 174150.34

Sheet Massalista, rak. tarvikkeet 
C1: Massalistat | F1: <- Valitse tyhjät tilauslistaa varten
G2: Tarkasta positioiden rangat ja muut tavikkeet laskentasivuilta!
A3: Väliseinät | C3: Väliseinätarvikkeet | D3: Yhteensä | E3: Yhteensä | G3: POS-1 | H3: POS-2 | I3: POS-3 | J3: POS-4 | K3: POS-5 | L3: POS-6 | M3: POS-7 | N3: POS-8
C4: Levy, m2 | D4: =SUM(G4:N4) -> 1553.2 | E4: =ROUNDUP(D4,0) -> 1554 | G4: ='Väliseinät sisällä'!H7 -> 1553.2 | H4: ='Väliseinät sisällä'!H52 -> 0 | I4: ='Väliseinät sisällä'!H96 -> 0 | J4: ='Väliseinät sisällä'!H139 -> 0 | K4: ='Väliseinät sisällä'!H182 -> 0 | L4: ='Väliseinät sisällä'!H225 -> 0 | M4: ='Väliseinät sisällä'!H268 -> 0 | N4: ='Väliseinät sisällä'!H311 -> 0
C5: Ranka, m | D5: =SUM(G5:N5) -> 680.3027 | E5: =ROUNDUP(D5,0) -> 681 | G5: ='Väliseinät sisällä'!H8 -> 680.3027 | H5: ='Väliseinät sisällä'!H53 -> 0 | I5: ='Väliseinät sisällä'!H97 -> 0 | J5: ='Väliseinät sisällä'!H140 -> 0 | K5: ='Väliseinät sisällä'!H183 -> 0 | L5: ='Väliseinät sisällä'!H226 -> 0 | M5: ='Väliseinät sisällä'!H269 -> 0 | N5: ='Väliseinät sisällä'!H312 -> 0
C6: Alakisko, seinä, m / otsat max 600, m | D6: =SUM(G6:N6) -> 311.7895 | E6: =ROUNDUP(D6,0) -> 312 | G6: ='Väliseinät sisällä'!H9 -> 311.7895 | H6: ='Väliseinät sisällä'!H54 -> 0 | I6: ='Väliseinät sisällä'!H98 -> 0 | J6: ='Väliseinät sisällä'!H141 -> 0 | K6: ='Väliseinät sisällä'!H184 -> 0 | L6: ='Väliseinät sisällä'!H227 -> 0 | M6: ='Väliseinät sisällä'!H270 -> 0 | N6: ='Väliseinät sisällä'!H313 -> 0
C7: Villa, m2 | D7: =SUM(G7:N7) -> 368.5 | E7: =ROUNDUP(D7,0) -> 369 | G7: ='Väliseinät sisällä'!H10 -> 368.5 | H7: ='Väliseinät sisällä'!H55 -> 0 | I7: ='Väliseinät sisällä'!H99 -> 0 | J7: ='Väliseinät sisällä'!H142 -> 0 | K7: ='Väliseinät sisällä'!H185 -> 0 | L7: ='Väliseinät sisällä'!H228 -> 0 | M7: ='Väliseinät sisällä'!H271 -> 0 | N7: ='Väliseinät sisällä'!H314 -> 0
C8: Ruuvit, kpl / 1000 kpl pkt | D8: =SUM(G8:N8)/1000 -> 24.486 | E8: =ROUNDUP(D8,0) -> 25 | G8: ='Väliseinät sisällä'!H11 -> 24486 | H8: ='Väliseinät sisällä'!H56 -> 0 | I8: ='Väliseinät sisällä'!H100 -> 0 | J8: ='Väliseinät sisällä'!H143 -> 0 | K8: ='Väliseinät sisällä'!H186 -> 0 | L8: ='Väliseinät sisällä'!H229 -> 0 | M8: ='Väliseinät sisällä'!H272 -> 0 | N8: ='Väliseinät sisällä'!H315 -> 0
C9: Runkokiinnike, kpl | D9: =SUM(G9:N9) -> 137.18738 | E9: =ROUNDUP(D9,0) -> 138 | G9: ='Väliseinät sisällä'!H12 -> 137.18738 | H9: ='Väliseinät sisällä'!H57 -> 0 | I9: ='Väliseinät sisällä'!H101 -> 0 | J9: ='Väliseinät sisällä'!H144 -> 0 | K9: ='Väliseinät sisällä'!H187 -> 0 | L9: ='Väliseinät sisällä'!H230 -> 0 | M9: ='Väliseinät sisällä'!H273 -> 0 | N9: ='Väliseinät sisällä'!H316 -> 0
C10: Vahvike, esim kertopuu, metrit | D10: =SUM(G10:N10) -> 110 | E10: =ROUNDUP(D10,0) -> 110 | G10: ='Väliseinät sisällä'!H13 -> 110 | H10: ='Väliseinät sisällä'!H58 -> 0 | I10: ='Väliseinät sisällä'!H102 -> 0 | J10: ='Väliseinät sisällä'!H145 -> 0 | K10: ='Väliseinät sisällä'!H188 -> 0 | L10: ='Väliseinät sisällä'!H231 -> 0 | M10: ='Väliseinät sisällä'!H274 -> 0 | N10: ='Väliseinät sisällä'!H317 -> 0
C11: Ovivahvike ruuvit, kpl | D11: =SUM(G11:N11) -> 0 | E11: =ROUNDUP(D11,0) -> 0 | G11: ='Väliseinät sisällä'!H14 -> 0 | H11: ='Väliseinät sisällä'!H59 -> 0 | I11: ='Väliseinät sisällä'!H103 -> 0 | J11: ='Väliseinät sisällä'!H146 -> 0 | K11: ='Väliseinät sisällä'!H189 -> 0 | L11: ='Väliseinät sisällä'!H232 -> 0 | M11: ='Väliseinät sisällä'!H275 -> 0 | N11: ='Väliseinät sisällä'!H318 -> 0
C12: Kertopuurunko, kiinnikkeet esim hobau 90mm, kpl | D12: =SUM(G12:N12) -> 1039.2983 | E12: =ROUNDUP(D12,0) -> 1040 | G12: ='Väliseinät sisällä'!H15 -> 1039.2983 | H12: ='Väliseinät sisällä'!H60 -> 0 | I12: ='Väliseinät sisällä'!H104 -> 0 | J12: ='Väliseinät sisällä'!H147 -> 0 | K12: ='Väliseinät sisällä'!H190 -> 0 | L12: ='Väliseinät sisällä'!H233 -> 0 | M12: ='Väliseinät sisällä'!H276 -> 0 | N12: ='Väliseinät sisällä'!H319 -> 0
C14: Runkokiinnike, Spit Pulsa naulat | D14: ='Väliseinät sisällä'!B32 -> 4 | E14: =ROUNDUP(D14,0) -> 4
C15: Hobarit, 90mm | D15: ='Väliseinät sisällä'!B33 -> 5 | E15: =ROUNDUP(D15,0) -> 5
C16: Pientarvikkeet, tarkasta laskentasivulta tavarat | D16: ='Väliseinät sisällä'!B34 -> 500 | E16: =ROUNDUP(D16,0) -> 500
C18: SAUMAUS
C19: J, 10 kg purkki | D19: =SUM(G19:N19)/10 -> 5.025 | E19: =ROUNDUP(D19,0) -> 6 | G19: ='Väliseinät sisällä'!H18 -> 50.25 | H19: ='Väliseinät sisällä'!H63 -> 0 | I19: ='Väliseinät sisällä'!H107 -> 0 | J19: ='Väliseinät sisällä'!H150 -> 0 | K19: ='Väliseinät sisällä'!H193 -> 0 | L19: ='Väliseinät sisällä'!H236 -> 0 | M19: ='Väliseinät sisällä'!H279 -> 0 | N19: ='Väliseinät sisällä'!H322 -> 0
C20: LF, 10 kg purkki | D20: =SUM(G20:N20)/10 -> 5.025 | E20: =ROUNDUP(D20,0) -> 6 | G20: ='Väliseinät sisällä'!H19 -> 50.25 | H20: ='Väliseinät sisällä'!H64 -> 0 | I20: ='Väliseinät sisällä'!H108 -> 0 | J20: ='Väliseinät sisällä'!H151 -> 0 | K20: ='Väliseinät sisällä'!H194 -> 0 | L20: ='Väliseinät sisällä'!H237 -> 0 | M20: ='Väliseinät sisällä'!H280 -> 0 | N20: ='Väliseinät sisällä'!H323 -> 0
C21: Akryyli, makkara | D21: =SUM(G21:N21) -> 166.66667 | E21: =ROUNDUP(D21,0) -> 167 | G21: ='Väliseinät sisällä'!H20 -> 166.66667 | H21: ='Väliseinät sisällä'!H65 -> 0 | I21: ='Väliseinät sisällä'!H109 -> 0 | J21: ='Väliseinät sisällä'!H152 -> 0 | K21: ='Väliseinät sisällä'!H195 -> 0 | L21: ='Väliseinät sisällä'!H238 -> 0 | M21: ='Väliseinät sisällä'!H281 -> 0 | N21: ='Väliseinät sisällä'!H324 -> 0
C23: YLITASOITUS, 2mm kerros
C24: L, 20 kg säkit | D24: =SUM(G24:N24)/20 -> 80.4 | E24: =ROUNDUP(D24,0) -> 81 | G24: ='Väliseinät sisällä'!H22 -> 1608 | H24: ='Väliseinät sisällä'!H67 -> 0 | I24: ='Väliseinät sisällä'!H111 -> 0 | J24: ='Väliseinät sisällä'!H154 -> 0 | K24: ='Väliseinät sisällä'!H197 -> 0 | L24: ='Väliseinät sisällä'!H240 -> 0 | M24: ='Väliseinät sisällä'!H283 -> 0 | N24: ='Väliseinät sisällä'!H326 -> 0
C25: LR+, 20 kg säkit | D25: =SUM(G25:N25)/20 -> 80.4 | E25: =ROUNDUP(D25,0) -> 81 | G25: ='Väliseinät sisällä'!H23 -> 1608 | H25: ='Väliseinät sisällä'!H70 -> 0 | I25: ='Väliseinät sisällä'!H114 -> 0 | J25: ='Väliseinät sisällä'!H157 -> 0 | K25: ='Väliseinät sisällä'!H200 -> 0 | L25: ='Väliseinät sisällä'!H243 -> 0 | M25: ='Väliseinät sisällä'!H286 -> 0 | N25: ='Väliseinät sisällä'!H329 -> 0
C26: LF tai vastaava viimeistely, l / 10l purkki | D26: =SUM(G26:N26)/10 -> 40.2 | E26: =ROUNDUP(D26,0) -> 41 | G26: ='Väliseinät sisällä'!H24 -> 402 | H26: ='Väliseinät sisällä'!H71 -> 0 | I26: ='Väliseinät sisällä'!H115 -> 0 | J26: ='Väliseinät sisällä'!H158 -> 0 | K26: ='Väliseinät sisällä'!H201 -> 0 | L26: ='Väliseinät sisällä'!H244 -> 0 | M26: ='Väliseinät sisällä'!H287 -> 0 | N26: ='Väliseinät sisällä'!H330 -> 0
A29: Maalaukset | C29: Maalaustyöt | E29: Yhteensä | G29: POS-1 | H29: POS-2 | I29: POS-3 | J29: POS-4 | K29: POS-5 | L29: POS-6 | M29: POS-7 | N29: POS-8 | O29: POS-9 | P29: POS-10
C30: Teippi, rll | E30: =SUM(G30:P30) -> 33 | G30: =Maalaukset!K6 -> 33 | H30: =Maalaukset!K39 -> 0 | I30: =Maalaukset!K72 -> 0 | J30: =Maalaukset!K105 -> 0 | K30: =Maalaukset!K138 -> 0 | L30: =Maalaukset!K171 -> 0 | M30: =Maalaukset!K204 -> 0 | N30: =Maalaukset!K237 -> 0 | O30: =Maalaukset!K270 -> 0 | P30: =Maalaukset!K303 -> 0
C31: Vetonit L | E31: =SUM(G31:P31) -> 0 | G31: =Maalaukset!K11 -> 0 | H31: =Maalaukset!K44 -> 0 | I31: =Maalaukset!K77 -> 0 | J31: =Maalaukset!K110 -> 0 | K31: =Maalaukset!K143 -> 0 | L31: =Maalaukset!K176 -> 0 | M31: =Maalaukset!K209 -> 0 | N31: =Maalaukset!K242 -> 0 | O31: =Maalaukset!K275 -> 0 | P31: =Maalaukset!K308 -> 0
C32: Veotnit LR+ | E32: =SUM(G32:P32) -> 0 | G32: =Maalaukset!K12 -> 0 | H32: =Maalaukset!K45 -> 0 | I32: =Maalaukset!K78 -> 0 | J32: =Maalaukset!K111 -> 0 | K32: =Maalaukset!K144 -> 0 | L32: =Maalaukset!K177 -> 0 | M32: =Maalaukset!K210 -> 0 | N32: =Maalaukset!K243 -> 0 | O32: =Maalaukset!K276 -> 0 | P32: =Maalaukset!K309 -> 0
C33: Teknos LF | E33: =SUM(G33:P33) -> 0 | G33: =Maalaukset!K14 -> 0 | H33: =Maalaukset!K47 -> 0 | I33: =Maalaukset!K80 -> 0 | J33: =Maalaukset!K113 -> 0 | K33: =Maalaukset!K146 -> 0 | L33: =Maalaukset!K179 -> 0 | M33: =Maalaukset!K212 -> 0 | N33: =Maalaukset!K245 -> 0 | O33: =Maalaukset!K278 -> 0 | P33: =Maalaukset!K311 -> 0
C34: Goldband | E34: =SUM(G34:P34) -> 0 | G34: =Maalaukset!K16 -> 0 | H34: =Maalaukset!K49 -> 0 | I34: =Maalaukset!K82 -> 0 | J34: =Maalaukset!K115 -> 0 | K34: =Maalaukset!K148 -> 0 | L34: =Maalaukset!K181 -> 0 | M34: =Maalaukset!K214 -> 0 | N34: =Maalaukset!K247 -> 0 | O34: =Maalaukset!K280 -> 0 | P34: =Maalaukset!K313 -> 0
C35: Siro 2 | E35: =SUM(G35:P35) -> 32 | G35: =Maalaukset!K18 -> 31 | H35: =Maalaukset!K51 -> 1 | I35: =Maalaukset!K84 -> 0 | J35: =Maalaukset!K117 -> 0 | K35: =Maalaukset!K150 -> 0 | L35: =Maalaukset!K183 -> 0 | M35: =Maalaukset!K216 -> 0 | N35: =Maalaukset!K249 -> 0 | O35: =Maalaukset!K282 -> 0 | P35: =Maalaukset!K315 -> 0
C36: Siro 7 mv, 18l | E36: =SUM(G36:P36) -> 17 | G36: =Maalaukset!K20 -> 17 | H36: =Maalaukset!K53 -> 0 | I36: =Maalaukset!K86 -> 0 | J36: =Maalaukset!K119 -> 0 | K36: =Maalaukset!K152 -> 0 | L36: =Maalaukset!K185 -> 0 | M36: =Maalaukset!K218 -> 0 | N36: =Maalaukset!K251 -> 0 | O36: =Maalaukset!K284 -> 0 | P36: =Maalaukset!K317 -> 0
C37: Nova C + sävy | E37: =SUM(G37:P37) -> 6 | G37: =Maalaukset!K21 -> 5 | H37: =Maalaukset!K54 -> 1 | I37: =Maalaukset!K87 -> 0 | J37: =Maalaukset!K120 -> 0 | K37: =Maalaukset!K153 -> 0 | L37: =Maalaukset!K186 -> 0 | M37: =Maalaukset!K219 -> 0 | N37: =Maalaukset!K252 -> 0 | O37: =Maalaukset!K285 -> 0 | P37: =Maalaukset!K318 -> 0
C38: Maali 1 | E38: =SUM(G38:P38) -> 0 | G38: =Maalaukset!K23 -> 0 | H38: =Maalaukset!K56 -> 0 | I38: =Maalaukset!K89 -> 0 | J38: =Maalaukset!K122 -> 0 | K38: =Maalaukset!K155 -> 0 | L38: =Maalaukset!K188 -> 0 | M38: =Maalaukset!K221 -> 0 | N38: =Maalaukset!K254 -> 0 | O38: =Maalaukset!K287 -> 0 | P38: =Maalaukset!K320 -> 0
C39: Maali 2 | E39: =SUM(G39:P39) -> 0 | G39: =Maalaukset!K24 -> 0 | H39: =Maalaukset!K57 -> 0 | I39: =Maalaukset!K90 -> 0 | J39: =Maalaukset!K123 -> 0 | K39: =Maalaukset!K156 -> 0 | L39: =Maalaukset!K189 -> 0 | M39: =Maalaukset!K222 -> 0 | N39: =Maalaukset!K255 -> 0 | O39: =Maalaukset!K288 -> 0 | P39: =Maalaukset!K321 -> 0
C40: Maali 3 | E40: =SUM(G40:P40) -> 0 | G40: =Maalaukset!K25 -> 0 | H40: =Maalaukset!K58 -> 0 | I40: =Maalaukset!K91 -> 0 | J40: =Maalaukset!K124 -> 0 | K40: =Maalaukset!K157 -> 0 | L40: =Maalaukset!K190 -> 0 | M40: =Maalaukset!K223 -> 0 | N40: =Maalaukset!K256 -> 0 | O40: =Maalaukset!K289 -> 0 | P40: =Maalaukset!K322 -> 0
A42: Erillliset | C42: Erilliset tarvikkeet | E42: Kpl / m2 / jm jne.
C43: =Materiaalihinnoittelut!B4 -> GN | E43: =Materiaalihinnoittelut!E4 -> 35
C44: =Materiaalihinnoittelut!B5 -> GEK | E44: =Materiaalihinnoittelut!E5 -> 0
C45: =Materiaalihinnoittelut!B6 -> Saneerauskipsi 6MM | E45: =Materiaalihinnoittelut!E6 -> 0
C46: =Materiaalihinnoittelut!B7 -> 66 ranka | E46: =Materiaalihinnoittelut!E7 -> 0
C47: =Materiaalihinnoittelut!B8 -> 66 alakisko | E47: =Materiaalihinnoittelut!E8 -> 0
C48: =Materiaalihinnoittelut!B9 -> 66 kertopuu | E48: =Materiaalihinnoittelut!E9 -> 0
C49: =Materiaalihinnoittelut!B10 -> 95 ranka | E49: =Materiaalihinnoittelut!E10 -> 0
C50: =Materiaalihinnoittelut!B11 -> 95 alakisko | E50: =Materiaalihinnoittelut!E11 -> 0
C51: =Materiaalihinnoittelut!B12 -> 92 keropuu | E51: =Materiaalihinnoittelut!E12 -> 0
C52: =Materiaalihinnoittelut!B13 -> Väliseinävilla | E52: =Materiaalihinnoittelut!E13 -> 0
C53: =Materiaalihinnoittelut!B14 -> 120 ranka | E53: =Materiaalihinnoittelut!E14 -> 0
C54: =Materiaalihinnoittelut!B15 -> 120 alakisko | E54: =Materiaalihinnoittelut!E15 -> 0
... C365: =Materiaalihinnoittelut!B326 -> Sähkötarvikkeet | E365: =Materiaalihinnoittelut!E326 -> 0

Sheet Budjetti
B1: Projekti: | C1: Aika:
B2: 0384 Porkkalankatu 20 Norion
C4: Ei muutoksia | D4: Ei muutoksia | E4: Ei muutoksia
C5: X | D5: X | E5: x | F5: Täytä: | K5: Kate € | L5: Kate-%
C6: Tarjottu | D6: Laskettu | E6: Arvio | F6: Toteuma | I6: =C6 -> Tarjottu | J6: =C7+C11+C14 -> 0 | K6: =C30 -> 0
A7: 1 | B7: Purkutyöt | C7: =SUM(C8:C10) -> 0 | D7: =SUM(D8:D10) -> 0 | E7: =SUM(E8:E10) -> 7388.9706 | F7: =SUM(F8:F10) -> 1 | I7: =D6 -> Laskettu | J7: =D7+D11+D14 -> 29181.818 | K7: =J6-J7 -> -29181.818 | L7: =K7/J6 -> #DIV/0!
B8: Tuntityöt | C8: 0 | E8: =Eritelysivu!C25 -> 1976.4706 | F8: 1 | I8: =E6 -> Arvio | J8: =E7+E11+E14 -> 170648.52 | K8: =J6-J8 -> -170648.52 | L8: =K8/J6 -> #DIV/0!
B9: Materiaalit | C9: 0 | E9: =Eritelysivu!B25 -> 5412.5 | I9: =F6 -> Toteuma | J9: =F7+F11+F14 -> 3 | K9: =J6-J9 -> -3 | L9: =K9/J6 -> #DIV/0!
B10: Purkutyöt | C10: 0
A11: 2 | B11: Rakennusurakka | C11: =C12+C13 -> 0 | D11: =D12+D13 -> 0 | E11: =E12+E13 -> 137579.55 | F11: =F12+F13 -> 1
B12: Tuntityöt | C12: 0 | D12: 0 | E12: =Koontisivu!C18-E8 -> 58552.125 | F12: 1
B13: Materiaalit | C13: 0 | D13: 0 | E13: =Koontisivu!C19-E9 -> 79027.429
A14: 3 | B14: Erillishankinnat | C14: =SUM(C15:C29) -> 0 | D14: =SUM(D15:D29) -> 29181.818 | E14: =SUM(E15:E29) -> 25680 | F14: =SUM(F15:F29) -> 1
A15: 1 | B15: Siivous | C15: 0 | D15: =Erillishankinnat!C7 -> 11454.545 | E15: =Erillishankinnat!C4 -> 10080 | F15: 1
A16: 2 | B16: Sähköurakka | C16: 0 | D16: =Erillishankinnat!C12 -> 11363.636 | E16: =Erillishankinnat!C9 -> 10000 | F16: 0
A17: 3 | B17: LVI-urakka | C17: 0 | D17: =Erillishankinnat!C17 -> 6363.6364 | E17: =Erillishankinnat!C14 -> 5600
A18: 4 | B18: Keittiö | C18: 0 | D18: =Erillishankinnat!C22 -> 0 | E18: =Erillishankinnat!C19 -> 0
A19: 5 | B19: WC-tarvikkeet | C19: 0 | D19: =Erillishankinnat!C27 -> 0 | E19: =Erillishankinnat!C24 -> 0
A20: 6 | B20: Lasiseinät | C20: 0 | D20: =Erillishankinnat!C32 -> 0 | E20: =Erillishankinnat!C29 -> 0
A21: 7 | B21: Lukitus | C21: 0 | D21: =Erillishankinnat!C37 -> 0 | E21: =Erillishankinnat!C34 -> 0
A22: 8 | B22: MUUT | C22: 0 | D22: =Erillishankinnat!C42 -> 0 | E22: =Erillishankinnat!C39 -> 0
A23: 9 | C23: 0 | D23: =Erillishankinnat!C47 -> 0 | E23: =Erillishankinnat!C44 -> 0
A24: 10 | C24: 0 | D24: =Erillishankinnat!C52 -> 0 | E24: =Erillishankinnat!C49 -> 0
A25: 11 | C25: 0 | D25: =Erillishankinnat!C57 -> 0 | E25: =Erillishankinnat!C54 -> 0
A26: 12 | C26: 0 | D26: =Erillishankinnat!C62 -> 0 | E26: =Erillishankinnat!C59 -> 0
A27: 13 | C27: 0 | D27: =Erillishankinnat!C67 -> 0 | E27: =Erillishankinnat!C64 -> 0
A28: 14 | C28: 0 | D28: =Erillishankinnat!C72 -> 0 | E28: =Erillishankinnat!C69 -> 0
A29: 15 | C29: 0 | D29: =Erillishankinnat!C77 -> 0 | E29: =Erillishankinnat!C74 -> 0
C30: =C14+C11+C7 -> 0 | D30: =D14+D11+D7 -> 29181.818 | E30: =E14+E11+E7 -> 170648.52 | F30: =F14+F11+F7 -> 3
C31: Tarjottu | D31: Laskettu | E31: Arvio | F31: Toteuma
